{"CACHE_SYNC_FILE_HASH":{"D:\\HuaWei\\project\\ChatFreely\\.hvigor\\outputs\\sync\\output.json":"20ff0ec2986c01d9840e61f6a27741a6d5ff126f89bcc89ba2bfb94cbba60573","D:\\HuaWei\\project\\ChatFreely\\hvigorfile.ts":"951d47c0daab7a910108ee008f9968d95a1dccff308b595dbe4ef06eb74de616","D:\\HuaWei\\project\\ChatFreely\\hvigor\\hvigor-config.json5":"c69906d9eb3842f3c29e56e65fd9fbb447a374772440abf031d4c6e5e3002982","D:\\HuaWei\\project\\ChatFreely\\build-profile.json5":"95e83993edbae2f1543757457de807eb20e9480fc0913a822093a7525126aad2","D:\\HuaWei\\project\\ChatFreely\\oh-package.json5":"dfc110511b8846b2724129833dca35628f2a7b08ea46c0a18341092a97e2bb53","D:\\HuaWei\\project\\ChatFreely\\entry\\build-profile.json5":"475c052a36d8f65e87d04e11937f821b730255dd5c839e1e27e5fd48ce283de3","D:\\HuaWei\\project\\ChatFreely\\entry\\hvigorfile.ts":"c8191baa61cc798f20318cdfaf337721a654a2ea4978efb4404448f2d74b140c","SDK_LOCATION":"D:/beta/DevEco Studio/sdk","D:\\HuaWei\\project\\ChatFreely\\entry\\oh-package.json5":"428e67f134d7f529477e641ba90f47aefe8357aa5b4277dd44ea4785f200e17b"},"OHPM_INSTALL_FILE_HASH":{"D:\\HuaWei\\project\\ChatFreely\\entry\\oh_modules":false,"D:\\HuaWei\\project\\ChatFreely\\oh_modules":true,"D:\\HuaWei\\project\\ChatFreely\\oh-package.json5":"dfc110511b8846b2724129833dca35628f2a7b08ea46c0a18341092a97e2bb53","D:\\HuaWei\\project\\ChatFreely\\entry\\oh-package.json5":"428e67f134d7f529477e641ba90f47aefe8357aa5b4277dd44ea4785f200e17b"}}