{
  "HVIGOR_OHOS_PLUGIN": {
    "MODULES": [
      {
        "MODULE_NAME": "1043bfc77febe75fafec0c4309faccf1",
        "API_TYPE": "stageMode"
      }
    ],
    "BUILD_MODE": "debug"
  },
  "HVIGOR": {
    "IS_INCREMENTAL": true,
    "IS_DAEMON": true,
    "IS_PARALLEL": true,
    "IS_HVIGORFILE_TYPE_CHECK": false,
    "TASK_TIME": {
      "1043bfc77febe75fafec0c4309faccf1": {
        "ConfigureCmake": 466400,
        "PreCheckSyscap": 464400,
        "ProcessIntegratedHsp": 3423300,
        "BuildNativeWithCmake": 876000,
        "SyscapTransform": 4512300,
        "BuildNativeWithNinja": 1115900,
        "GenerateLoaderJson": 35109700,
        "buildHotReloadResource": 1039600,
        "BuildJS": 6650500,
        "HotReloadArkTS": 8750950900,
        "PackageHap": 1264064700,
        "SignHap": 2616800,
        "assembleHap": 272700
      }
    },
    "TOTAL_TIME": 10658806200,
    "BUILD_ID": "202409252035115860"
  }
}