{":ChatFreely:entry:default@PreBuild":{"_inputs":[{"dataType":"ValueEntry","value":"{\"_name\":\"BUILTIN_TASK_COMMAND\",\"_value\":\"\",\"_valueType\":\"string\",\"_hash\":\"0b5d05294fdf4e78e8482ef53eb64ac0\"}"},{"dataType":"ValueEntry","value":"{\"_name\":\"BUILTIN_TASK_ENV\",\"_value\":\"\",\"_valueType\":\"string\",\"_hash\":\"cdcdc2ec8062ca9ec1de46dbf2bbc053\"}"},{"dataType":"ValueEntry","value":"{\"_name\":\"BUILTIN_TASK_TOOLCHAIN\",\"_value\":\"\",\"_valueType\":\"string\",\"_hash\":\"e7f94a9422a8bc317a7d90b58efcb5f6\"}"},{"dataType":"ValueEntry","value":"{\"_name\":\"apiType\",\"_value\":\"stageMode\",\"_valueType\":\"string\",\"_hash\":\"699c7565645ea3ea8c88551a4926a3d5\"}"},{"dataType":"ValueEntry","value":"{\"_name\":\"byteCodeHar\",\"_value\":false,\"_valueType\":\"boolean\",\"_hash\":\"1918a3ccb645ccacd0aedd84fc6cf8a4\"}"},{"dataType":"ValueEntry","value":"{\"_name\":\"codeType\",\"_value\":true,\"_valueType\":\"boolean\",\"_hash\":\"d6dcf21a9f078b661283507536e57ce8\"}"},{"dataType":"ValueEntry","value":"{\"_name\":\"compatibleApiVersion\",\"_value\":12,\"_valueType\":\"number\",\"_hash\":\"b8c1ba3ecddcd8b1be17325fb873c8bc\"}"},{"dataType":"ValueEntry","value":"{\"_name\":\"compileApiVersion\",\"_value\":12,\"_valueType\":\"number\",\"_hash\":\"5bc55d1554c9b9f95bf3de5259c04c8b\"}"},{"dataType":"ValueEntry","value":"{\"_name\":\"configuration\",\"_value\":\"\",\"_valueType\":\"string\",\"_hash\":\"d12f0038691f8f34d654391bbcee2f8e\"}"},{"dataType":"ValueEntry","value":"{\"_name\":\"configurationFileJson\",\"_value\":\"\",\"_valueType\":\"string\",\"_hash\":\"2b55287f40f7e8896b21bab4028e156b\"}"},{"dataType":"ValueEntry","value":"{\"_name\":\"customTypes\",\"_value\":\"\",\"_valueType\":\"string\",\"_hash\":\"970a2695bffac1c5a4fa283dc36050e3\"}"},{"dataType":"ValueEntry","value":"{\"_name\":\"deviceType\",\"_value\":[\"phone\",\"tablet\",\"2in1\"],\"_valueType\":\"object\",\"_hash\":\"82734343919a9219c848a93ce88dfb4d\"}"},{"dataType":"ValueEntry","value":"{\"_name\":\"integrated_hsp\",\"_value\":false,\"_valueType\":\"boolean\",\"_hash\":\"2538281751f182d9123d2ab28efaf9be\"}"},{"dataType":"ValueEntry","value":"{\"_name\":\"isSupportOhpmProj\",\"_value\":true,\"_valueType\":\"boolean\",\"_hash\":\"f3a249d7e3f751316e931b8a08b074b4\"}"},{"dataType":"ValueEntry","value":"{\"_name\":\"mockConfigSources\",\"_value\":\"\",\"_valueType\":\"string\",\"_hash\":\"c489be8273867a50afbc86c53d938c92\"}"},{"dataType":"ValueEntry","value":"{\"_name\":\"moduleJsonOpt\",\"_value\":\"{\\\"jsonFilePath\\\":\\\"D:\\\\\\\\HuaWei\\\\\\\\project\\\\\\\\ChatFreely\\\\\\\\entry\\\\\\\\src\\\\\\\\main\\\\\\\\module.json5\\\",\\\"profile\\\":{\\\"module\\\":{\\\"name\\\":\\\"entry\\\",\\\"type\\\":\\\"entry\\\",\\\"description\\\":\\\"$string:module_desc\\\",\\\"mainElement\\\":\\\"EntryAbility\\\",\\\"deviceTypes\\\":[\\\"phone\\\",\\\"tablet\\\",\\\"2in1\\\"],\\\"deliveryWithInstall\\\":true,\\\"installationFree\\\":false,\\\"pages\\\":\\\"$profile:main_pages\\\",\\\"abilities\\\":[{\\\"name\\\":\\\"EntryAbility\\\",\\\"srcEntry\\\":\\\"./ets/entryability/EntryAbility.ets\\\",\\\"description\\\":\\\"$string:EntryAbility_desc\\\",\\\"icon\\\":\\\"$media:icon\\\",\\\"label\\\":\\\"$string:EntryAbility_label\\\",\\\"startWindowIcon\\\":\\\"$media:startIcon\\\",\\\"startWindowBackground\\\":\\\"$color:start_window_background\\\",\\\"exported\\\":true,\\\"skills\\\":[{\\\"entities\\\":[\\\"entity.system.home\\\"],\\\"actions\\\":[\\\"action.system.home\\\"]}]}],\\\"requestPermissions\\\":[{\\\"name\\\":\\\"ohos.permission.INTERNET\\\"},{\\\"name\\\":\\\"ohos.permission.MICROPHONE\\\",\\\"reason\\\":\\\"$string:MICROPHONE_REASON\\\",\\\"usedScene\\\":{\\\"abilities\\\":[\\\"EntryAbility\\\"],\\\"when\\\":\\\"always\\\"}}],\\\"extensionAbilities\\\":[{\\\"name\\\":\\\"EntryBackupAbility\\\",\\\"srcEntry\\\":\\\"./ets/entrybackupability/EntryBackupAbility.ets\\\",\\\"type\\\":\\\"backup\\\",\\\"exported\\\":false,\\\"metadata\\\":[{\\\"name\\\":\\\"ohos.extension.backup\\\",\\\"resource\\\":\\\"$profile:backup_config\\\"}]}]}},\\\"deviceTypes\\\":[\\\"phone\\\",\\\"tablet\\\",\\\"2in1\\\"],\\\"deviceConfig\\\":\\\"deviceTypes\\\",\\\"configurationProfile\\\":\\\"module.json5\\\"}\",\"_valueType\":\"string\",\"_hash\":\"d1cdfa4fcabede0edc0cfdb257f2baba\"}"},{"dataType":"ValueEntry","value":"{\"_name\":\"profileModuleName\",\"_value\":\"entry\",\"_valueType\":\"string\",\"_hash\":\"b174ea6ff5824844dde5ad92f6b3ef2b\"}"},{"dataType":"ValueEntry","value":"{\"_name\":\"sdkToolchainsComponentVersion\",\"_value\":\"5.0.0.68\",\"_valueType\":\"string\",\"_hash\":\"2465b698c16f6b886e8f6de89c093e21\"}"},{"dataType":"ValueEntry","value":"{\"_name\":\"sourceRoots\",\"_value\":true,\"_valueType\":\"boolean\",\"_hash\":\"a369c115d2c4122f3819759804ec9d35\"}"},{"dataType":"ValueEntry","value":"{\"_name\":\"targetStatusCode\",\"_value\":2,\"_valueType\":\"number\",\"_hash\":\"5a9255c0f4ee50904a9349ebafca8369\"}"},{"dataType":"ValueEntry","value":"{\"_name\":\"transformLib\",\"_value\":\"\",\"_valueType\":\"string\",\"_hash\":\"7d270d0ce7ae5c6e2e32760cb396ea5a\"}"},{"dataType":"ValueEntry","value":"{\"_name\":\"useNormalizedOHMUrl\",\"_value\":true,\"_valueType\":\"boolean\",\"_hash\":\"05eabcf12e6fe230e579e0fd37679db6\"}"}],"_successful":true,"_projectName":"ChatFreely","_moduleName":"entry","_taskName":"default@PreBuild","_key":":ChatFreely:entry:default@PreBuild","_executionId":":ChatFreely:entry:default@PreBuild:1727141561750","_inputFiles":{"dataType":"Map","value":[["D:\\HuaWei\\project\\ChatFreely\\AppScope\\app.json5",{"isDirectory":false,"fileSnapShotHashValue":"9b534bbf7e358527d405df6b95ad7c33"}],["D:\\HuaWei\\project\\ChatFreely\\entry\\src\\main\\module.json5",{"isDirectory":false,"fileSnapShotHashValue":"ac3ba269b8fe612b32d103e29887056b"}],["D:\\HuaWei\\project\\ChatFreely\\build-profile.json5",{"fileSnapShotHashValue":"a134e4a23db4133910eb126b3e51ab41"}],["D:\\HuaWei\\project\\ChatFreely\\entry\\build-profile.json5",{"fileSnapShotHashValue":"8ab7ec25e3f3096d99cf845493f2d1fb"}],["D:\\HuaWei\\project\\ChatFreely\\entry\\src\\main\\resources\\base\\profile\\main_pages.json",{"fileSnapShotHashValue":"9b14ea955a5dfb9a1ed1537d28f6788c"}],["D:\\HuaWei\\project\\ChatFreely\\hvigor\\hvigor-config.json5",{"isDirectory":true,"fileSnapShotHashValue":"c87f1a6a0d0504841545baf3727fa7d4"}],["D:\\HuaWei\\project\\ChatFreely\\entry\\src\\mock\\mock-config.json5",{"isDirectory":false,"fileSnapShotHashValue":"66c209209128c43da11ab7da780ef216"}],["D:\\HuaWei\\project\\ChatFreely\\entry\\oh-package.json5",{"fileSnapShotHashValue":"3ebcf3f25660379896edca911aa29214"}]]},"_outputFiles":{"dataType":"Map","value":[]}},":ChatFreely:entry:default@MergeProfile":{"_inputs":[{"dataType":"ValueEntry","value":"{\"_name\":\"BUILTIN_TASK_COMMAND\",\"_value\":\"\",\"_valueType\":\"string\",\"_hash\":\"0b5d05294fdf4e78e8482ef53eb64ac0\"}"},{"dataType":"ValueEntry","value":"{\"_name\":\"BUILTIN_TASK_ENV\",\"_value\":\"\",\"_valueType\":\"string\",\"_hash\":\"cdcdc2ec8062ca9ec1de46dbf2bbc053\"}"},{"dataType":"ValueEntry","value":"{\"_name\":\"BUILTIN_TASK_TOOLCHAIN\",\"_value\":\"\",\"_valueType\":\"string\",\"_hash\":\"e7f94a9422a8bc317a7d90b58efcb5f6\"}"},{"dataType":"ValueEntry","value":"{\"_name\":\"appJsonOpt\",\"_value\":\"{\\\"app\\\":{\\\"bundleName\\\":\\\"com.hjf.chatfreely\\\",\\\"vendor\\\":\\\"example\\\",\\\"versionCode\\\":1000000,\\\"versionName\\\":\\\"1.0.0\\\",\\\"icon\\\":\\\"$media:app_icon\\\",\\\"label\\\":\\\"$string:app_name\\\"}}\",\"_valueType\":\"string\",\"_hash\":\"fc374a9eb130b8a9d4066001bc933ac3\"}"},{"dataType":"ValueEntry","value":"{\"_name\":\"asanEnable\",\"_value\":false,\"_valueType\":\"boolean\",\"_hash\":\"bc2129ba20a21b7e5234139ede1b4d7b\"}"},{"dataType":"ValueEntry","value":"{\"_name\":\"buildProfileAbilities\",\"_valueType\":\"undefined\",\"_hash\":\"40d5093f345351dd6d67ce5d6a209345\"}"},{"dataType":"ValueEntry","value":"{\"_name\":\"buildRoot\",\"_value\":\"build\",\"_valueType\":\"string\",\"_hash\":\"4c2dd7bb7507f74001ec27f2936db7f9\"}"},{"dataType":"ValueEntry","value":"{\"_name\":\"compatibleSdkVersion\",\"_value\":12,\"_valueType\":\"number\",\"_hash\":\"3c48b1937556f5c7e1ff0b2e0af0184f\"}"},{"dataType":"ValueEntry","value":"{\"_name\":\"integratedHsp\",\"_value\":false,\"_valueType\":\"boolean\",\"_hash\":\"e67900c25b1f9fb70cc779de77dc6912\"}"},{"dataType":"ValueEntry","value":"{\"_name\":\"isBundledDependencies\",\"_value\":false,\"_valueType\":\"boolean\",\"_hash\":\"a69aa552317c7a6e087cb84a5722e050\"}"},{"dataType":"ValueEntry","value":"{\"_name\":\"isDebug\",\"_value\":true,\"_valueType\":\"boolean\",\"_hash\":\"edbf05a2d2be2c385e75d9565a48d419\"}"},{"dataType":"ValueEntry","value":"{\"_name\":\"isHarModule\",\"_value\":false,\"_valueType\":\"boolean\",\"_hash\":\"a15b7a3ed818faa99a4a10d67f52cb72\"}"},{"dataType":"ValueEntry","value":"{\"_name\":\"moduleJsonOpt\",\"_value\":\"{\\\"module\\\":{\\\"name\\\":\\\"entry\\\",\\\"type\\\":\\\"entry\\\",\\\"description\\\":\\\"$string:module_desc\\\",\\\"mainElement\\\":\\\"EntryAbility\\\",\\\"deviceTypes\\\":[\\\"phone\\\",\\\"tablet\\\",\\\"2in1\\\"],\\\"deliveryWithInstall\\\":true,\\\"installationFree\\\":false,\\\"pages\\\":\\\"$profile:main_pages\\\",\\\"abilities\\\":[{\\\"name\\\":\\\"EntryAbility\\\",\\\"srcEntry\\\":\\\"./ets/entryability/EntryAbility.ets\\\",\\\"description\\\":\\\"$string:EntryAbility_desc\\\",\\\"icon\\\":\\\"$media:icon\\\",\\\"label\\\":\\\"$string:EntryAbility_label\\\",\\\"startWindowIcon\\\":\\\"$media:startIcon\\\",\\\"startWindowBackground\\\":\\\"$color:start_window_background\\\",\\\"exported\\\":true,\\\"skills\\\":[{\\\"entities\\\":[\\\"entity.system.home\\\"],\\\"actions\\\":[\\\"action.system.home\\\"]}]}],\\\"requestPermissions\\\":[{\\\"name\\\":\\\"ohos.permission.INTERNET\\\"},{\\\"name\\\":\\\"ohos.permission.MICROPHONE\\\",\\\"reason\\\":\\\"$string:MICROPHONE_REASON\\\",\\\"usedScene\\\":{\\\"abilities\\\":[\\\"EntryAbility\\\"],\\\"when\\\":\\\"always\\\"}}],\\\"extensionAbilities\\\":[{\\\"name\\\":\\\"EntryBackupAbility\\\",\\\"srcEntry\\\":\\\"./ets/entrybackupability/EntryBackupAbility.ets\\\",\\\"type\\\":\\\"backup\\\",\\\"exported\\\":false,\\\"metadata\\\":[{\\\"name\\\":\\\"ohos.extension.backup\\\",\\\"resource\\\":\\\"$profile:backup_config\\\"}]}]}}\",\"_valueType\":\"string\",\"_hash\":\"9ab44f27b584a8b8ab5a4d8474f3e0ce\"}"},{"dataType":"ValueEntry","value":"{\"_name\":\"multiProjects\",\"_value\":false,\"_valueType\":\"boolean\",\"_hash\":\"555604752defc243b4e4c55d1549fc06\"}"},{"dataType":"ValueEntry","value":"{\"_name\":\"projectConfigAppOpt\",\"_valueType\":\"undefined\",\"_hash\":\"b52997704fa206ed96a13a1f2e464a85\"}"},{"dataType":"ValueEntry","value":"{\"_name\":\"releaseType\",\"_value\":\"Release\",\"_valueType\":\"string\",\"_hash\":\"bbcabdda034e97584f8c36f85b3ec517\"}"},{"dataType":"ValueEntry","value":"{\"_name\":\"targetSdkVersion\",\"_value\":12,\"_valueType\":\"number\",\"_hash\":\"94972355fc6ee8e90cfba1a7db4cf5db\"}"},{"dataType":"ValueEntry","value":"{\"_name\":\"tsanEnable\",\"_value\":false,\"_valueType\":\"boolean\",\"_hash\":\"086cac69f102cdd9ee25e54982ad7b76\"}"}],"_successful":true,"_projectName":"ChatFreely","_moduleName":"entry","_taskName":"default@MergeProfile","_key":":ChatFreely:entry:default@MergeProfile","_executionId":":ChatFreely:entry:default@MergeProfile:1727147028680","_inputFiles":{"dataType":"Map","value":[["D:\\HuaWei\\project\\ChatFreely\\AppScope\\app.json5",{"fileSnapShotHashValue":"9b534bbf7e358527d405df6b95ad7c33"}],["D:\\HuaWei\\project\\ChatFreely\\build-profile.json5",{"fileSnapShotHashValue":"a134e4a23db4133910eb126b3e51ab41"}],["D:\\HuaWei\\project\\ChatFreely\\entry\\src\\main\\module.json5",{"fileSnapShotHashValue":"ac3ba269b8fe612b32d103e29887056b"}]]},"_outputFiles":{"dataType":"Map","value":[["D:\\HuaWei\\project\\ChatFreely\\entry\\build\\default\\intermediates\\merge_profile\\default\\module.json",{"fileSnapShotHashValue":"f26175b9fda46c519e0e8e3456647fea"}]]}},":ChatFreely:entry:default@CreateBuildProfile":{"_inputs":[{"dataType":"ValueEntry","value":"{\"_name\":\"BUILTIN_TASK_COMMAND\",\"_value\":\"\",\"_valueType\":\"string\",\"_hash\":\"0b5d05294fdf4e78e8482ef53eb64ac0\"}"},{"dataType":"ValueEntry","value":"{\"_name\":\"BUILTIN_TASK_ENV\",\"_value\":\"\",\"_valueType\":\"string\",\"_hash\":\"cdcdc2ec8062ca9ec1de46dbf2bbc053\"}"},{"dataType":"ValueEntry","value":"{\"_name\":\"BUILTIN_TASK_TOOLCHAIN\",\"_value\":\"\",\"_valueType\":\"string\",\"_hash\":\"e7f94a9422a8bc317a7d90b58efcb5f6\"}"},{"dataType":"ValueEntry","value":"{\"_name\":\"buildMode\",\"_value\":\"Debug\",\"_valueType\":\"string\",\"_hash\":\"8120d22ada0d6de22b101e1f4ea16e81\"}"},{"dataType":"ValueEntry","value":"{\"_name\":\"buildModeName\",\"_value\":\"debug\",\"_valueType\":\"string\",\"_hash\":\"3f0246ea410fd9efa9fc7196cca045e3\"}"},{"dataType":"ValueEntry","value":"{\"_name\":\"projectOhosConfigAppOpt\",\"_valueType\":\"undefined\",\"_hash\":\"d55b976f16f2e6ec7261b64755922538\"}"}],"_successful":true,"_projectName":"ChatFreely","_moduleName":"entry","_taskName":"default@CreateBuildProfile","_key":":ChatFreely:entry:default@CreateBuildProfile","_executionId":":ChatFreely:entry:default@CreateBuildProfile:1727147028691","_inputFiles":{"dataType":"Map","value":[["D:\\HuaWei\\project\\ChatFreely\\AppScope\\app.json5",{"fileSnapShotHashValue":"9b534bbf7e358527d405df6b95ad7c33"}],["D:\\HuaWei\\project\\ChatFreely\\build-profile.json5",{"fileSnapShotHashValue":"a134e4a23db4133910eb126b3e51ab41"}]]},"_outputFiles":{"dataType":"Map","value":[["D:\\HuaWei\\project\\ChatFreely\\entry\\build\\default\\generated\\profile\\default\\BuildProfile.ets",{"fileSnapShotHashValue":"d8bc88c35223f05676878cdf978321a1"}]]}},":ChatFreely:entry:default@GeneratePkgContextInfo":{"_inputs":[{"dataType":"ValueEntry","value":"{\"_name\":\"BUILTIN_TASK_COMMAND\",\"_value\":\"\",\"_valueType\":\"string\",\"_hash\":\"0b5d05294fdf4e78e8482ef53eb64ac0\"}"},{"dataType":"ValueEntry","value":"{\"_name\":\"BUILTIN_TASK_ENV\",\"_value\":\"\",\"_valueType\":\"string\",\"_hash\":\"cdcdc2ec8062ca9ec1de46dbf2bbc053\"}"},{"dataType":"ValueEntry","value":"{\"_name\":\"BUILTIN_TASK_TOOLCHAIN\",\"_value\":\"\",\"_valueType\":\"string\",\"_hash\":\"e7f94a9422a8bc317a7d90b58efcb5f6\"}"},{"dataType":"ValueEntry","value":"{\"_name\":\"pkgContextInfoMap\",\"_value\":\"{\\\"@ohos/hypium\\\":{\\\"packageName\\\":\\\"@ohos/hypium\\\",\\\"bundleName\\\":\\\"\\\",\\\"moduleName\\\":\\\"\\\",\\\"version\\\":\\\"1.0.19\\\",\\\"entryPath\\\":\\\"index.js\\\",\\\"isSO\\\":false,\\\"dependencyAlias\\\":\\\"\\\"},\\\"@ohos/hamock\\\":{\\\"packageName\\\":\\\"@ohos/hamock\\\",\\\"bundleName\\\":\\\"\\\",\\\"moduleName\\\":\\\"\\\",\\\"version\\\":\\\"1.0.0\\\",\\\"entryPath\\\":\\\"index.ets\\\",\\\"isSO\\\":false,\\\"dependencyAlias\\\":\\\"\\\"},\\\"entry\\\":{\\\"packageName\\\":\\\"entry\\\",\\\"bundleName\\\":\\\"\\\",\\\"moduleName\\\":\\\"\\\",\\\"version\\\":\\\"\\\",\\\"entryPath\\\":\\\"src/main/\\\",\\\"isSO\\\":false,\\\"dependencyAlias\\\":\\\"\\\"}}\",\"_valueType\":\"string\",\"_hash\":\"b8e1392d8cc0bcf47b152884e5346aad\"}"},{"dataType":"ValueEntry","value":"{\"_name\":\"useNormalizedOHMUrl\",\"_value\":true,\"_valueType\":\"boolean\",\"_hash\":\"05eabcf12e6fe230e579e0fd37679db6\"}"}],"_successful":true,"_projectName":"ChatFreely","_moduleName":"entry","_taskName":"default@GeneratePkgContextInfo","_key":":ChatFreely:entry:default@GeneratePkgContextInfo","_executionId":":ChatFreely:entry:default@GeneratePkgContextInfo:1727147028705","_inputFiles":{"dataType":"Map","value":[]},"_outputFiles":{"dataType":"Map","value":[["D:\\HuaWei\\project\\ChatFreely\\entry\\build\\default\\intermediates\\loader\\default\\pkgContextInfo.json",{"isDirectory":false,"fileSnapShotHashValue":"6e2bf1e5629eff8ddd5faf65ef1cc20c"}]]}},":ChatFreely:entry:default@ProcessProfile":{"_inputs":[{"dataType":"ValueEntry","value":"{\"_name\":\"BUILTIN_TASK_COMMAND\",\"_value\":\"\",\"_valueType\":\"string\",\"_hash\":\"0b5d05294fdf4e78e8482ef53eb64ac0\"}"},{"dataType":"ValueEntry","value":"{\"_name\":\"BUILTIN_TASK_ENV\",\"_value\":\"\",\"_valueType\":\"string\",\"_hash\":\"cdcdc2ec8062ca9ec1de46dbf2bbc053\"}"},{"dataType":"ValueEntry","value":"{\"_name\":\"BUILTIN_TASK_TOOLCHAIN\",\"_value\":\"\",\"_valueType\":\"string\",\"_hash\":\"e7f94a9422a8bc317a7d90b58efcb5f6\"}"},{"dataType":"ValueEntry","value":"{\"_name\":\"arkEnable\",\"_value\":true,\"_valueType\":\"boolean\",\"_hash\":\"750b4bda198545a67903dfb3f6a00a95\"}"},{"dataType":"ValueEntry","value":"{\"_name\":\"compatibleSdkVersionStage\",\"_value\":\"beta1\",\"_valueType\":\"string\",\"_hash\":\"e588408901fe47899eadeda64a5c41fb\"}"},{"dataType":"ValueEntry","value":"{\"_name\":\"compileMode\",\"_value\":\"esmodule\",\"_valueType\":\"string\",\"_hash\":\"dacafc8e0b77a950178a0b4d142dc32c\"}"},{"dataType":"ValueEntry","value":"{\"_name\":\"dependency\",\"_value\":\"[]\",\"_valueType\":\"string\",\"_hash\":\"ac54f3d4ced2d4c1d666d40e4f7c454a\"}"},{"dataType":"ValueEntry","value":"{\"_name\":\"deviceTypes\",\"_value\":[\"phone\",\"tablet\",\"2in1\"],\"_valueType\":\"object\",\"_hash\":\"955f8760c6b7289b81ed107c2c4df075\"}"}],"_successful":true,"_projectName":"ChatFreely","_moduleName":"entry","_taskName":"default@ProcessProfile","_key":":ChatFreely:entry:default@ProcessProfile","_executionId":":ChatFreely:entry:default@ProcessProfile:1727147028730","_inputFiles":{"dataType":"Map","value":[["D:\\HuaWei\\project\\ChatFreely\\entry\\build\\default\\intermediates\\merge_profile\\default\\module.json",{"fileSnapShotHashValue":"f26175b9fda46c519e0e8e3456647fea"}]]},"_outputFiles":{"dataType":"Map","value":[["D:\\HuaWei\\project\\ChatFreely\\entry\\build\\default\\intermediates\\process_profile\\default\\module.json",{"fileSnapShotHashValue":"45770d6099a2275987b2ec1600b6124c"}]]}},":ChatFreely:entry:default@ProcessRouterMap":{"_inputs":[{"dataType":"ValueEntry","value":"{\"_name\":\"BUILTIN_TASK_COMMAND\",\"_value\":\"\",\"_valueType\":\"string\",\"_hash\":\"0b5d05294fdf4e78e8482ef53eb64ac0\"}"},{"dataType":"ValueEntry","value":"{\"_name\":\"BUILTIN_TASK_ENV\",\"_value\":\"\",\"_valueType\":\"string\",\"_hash\":\"cdcdc2ec8062ca9ec1de46dbf2bbc053\"}"},{"dataType":"ValueEntry","value":"{\"_name\":\"BUILTIN_TASK_TOOLCHAIN\",\"_value\":\"\",\"_valueType\":\"string\",\"_hash\":\"e7f94a9422a8bc317a7d90b58efcb5f6\"}"},{"dataType":"ValueEntry","value":"{\"_name\":\"byteCodeHar\",\"_value\":false,\"_valueType\":\"boolean\",\"_hash\":\"1918a3ccb645ccacd0aedd84fc6cf8a4\"}"},{"dataType":"ValueEntry","value":"{\"_name\":\"obfuscated\",\"_value\":true,\"_valueType\":\"boolean\",\"_hash\":\"a69c27b9cf01a6710d3662cfe180239f\"}"},{"dataType":"ValueEntry","value":"{\"_name\":\"useNormalizedOHMUrl\",\"_value\":true,\"_valueType\":\"boolean\",\"_hash\":\"05eabcf12e6fe230e579e0fd37679db6\"}"}],"_successful":true,"_projectName":"ChatFreely","_moduleName":"entry","_taskName":"default@ProcessRouterMap","_key":":ChatFreely:entry:default@ProcessRouterMap","_executionId":":ChatFreely:entry:default@ProcessRouterMap:1727147028852","_inputFiles":{"dataType":"Map","value":[["D:\\HuaWei\\project\\ChatFreely\\entry\\oh-package.json5",{"fileSnapShotHashValue":"3ebcf3f25660379896edca911aa29214"}],["D:\\HuaWei\\project\\ChatFreely\\oh-package.json5",{"fileSnapShotHashValue":"49751ca70d3543a88060c54ac4731746"}],["D:\\HuaWei\\project\\ChatFreely\\entry\\src\\main\\module.json5",{"fileSnapShotHashValue":"ac3ba269b8fe612b32d103e29887056b"}],["D:\\HuaWei\\project\\ChatFreely\\entry\\build\\default\\intermediates\\loader\\default\\pkgContextInfo.json",{"fileSnapShotHashValue":"6e2bf1e5629eff8ddd5faf65ef1cc20c"}]]},"_outputFiles":{"dataType":"Map","value":[["D:\\HuaWei\\project\\ChatFreely\\entry\\build\\default\\intermediates\\router_map\\default\\temp-router-map.json",{"fileSnapShotHashValue":"24f61bad7b8d65da55b6bbfc4a689364"}],["D:\\HuaWei\\project\\ChatFreely\\entry\\build\\default\\intermediates\\router_map\\default\\loader-router-map.json",{"fileSnapShotHashValue":"ab64bfee8484b61fd902cdf7d3b80fd3"}]]}},":ChatFreely:entry:default@GenerateLoaderJson":{"_inputs":[{"dataType":"ValueEntry","value":"{\"_name\":\"projectRootPath\",\"_value\":\"D:\\\\HuaWei\\\\project\\\\ChatFreely\",\"_valueType\":\"string\"}"},{"dataType":"ValueEntry","value":"{\"_name\":\"modulePathMap\",\"_value\":\"{\\\"entry\\\":\\\"D:\\\\\\\\HuaWei\\\\\\\\project\\\\\\\\ChatFreely\\\\\\\\entry\\\"}\",\"_valueType\":\"string\"}"},{"dataType":"ValueEntry","value":"{\"_name\":\"module_dependencies\",\"_value\":\"{}\",\"_valueType\":\"string\"}"},{"dataType":"ValueEntry","value":"{\"_name\":\"overrides\",\"_valueType\":\"undefined\"}"},{"dataType":"ValueEntry","value":"{\"_name\":\"project_dependencies\",\"_value\":\"{}\",\"_valueType\":\"string\"}"},{"dataType":"ValueEntry","value":"{\"_name\":\"useNormalizedOHMUrl\",\"_value\":true,\"_valueType\":\"boolean\"}"},{"dataType":"ValueEntry","value":"{\"_name\":\"isFullCompilationEnabled\",\"_value\":true,\"_valueType\":\"boolean\"}"},{"dataType":"ValueEntry","value":"{\"_name\":\"compileMode\",\"_value\":\"esmodule\",\"_valueType\":\"string\"}"},{"dataType":"ValueEntry","value":"{\"_name\":\"nodeModulesPath\",\"_value\":\"D:\\\\HuaWei\\\\project\\\\ChatFreely\\\\entry\\\\build\\\\default\\\\intermediates\\\\loader_out\\\\default\\\\node_modules\",\"_valueType\":\"string\"}"},{"dataType":"ValueEntry","value":"{\"_name\":\"targetConfig\",\"_value\":\"{\\\"name\\\":\\\"default\\\"}\",\"_valueType\":\"string\"}"},{"dataType":"ValueEntry","value":"{\"_name\":\"hspNameOhmMap\",\"_value\":\"{}\",\"_valueType\":\"string\"}"},{"dataType":"ValueEntry","value":"{\"_name\":\"harNameOhmMap\",\"_value\":\"{}\",\"_valueType\":\"string\"}"},{"dataType":"ValueEntry","value":"{\"_name\":\"anBuildMode\",\"_value\":\"type\",\"_valueType\":\"string\"}"},{"dataType":"ValueEntry","value":"{\"_name\":\"apPath\",\"_value\":\"D:\\\\HuaWei\\\\project\\\\ChatFreely\\\\entry\\\\modules.ap\",\"_valueType\":\"string\"}"},{"dataType":"ValueEntry","value":"{\"_name\":\"fallbackAnBuild\",\"_value\":false,\"_valueType\":\"boolean\"}"},{"dataType":"ValueEntry","value":"{\"_name\":\"isHarWithCoverage\",\"_value\":false,\"_valueType\":\"boolean\"}"},{"dataType":"ValueEntry","value":"{\"_name\":\"compileApiVersion\",\"_value\":12,\"_valueType\":\"number\"}"},{"dataType":"ValueEntry","value":"{\"_name\":\"compatibleApiVersion\",\"_value\":12,\"_valueType\":\"number\"}"},{"dataType":"ValueEntry","value":"{\"_name\":\"isByteCodeHar\",\"_value\":false,\"_valueType\":\"boolean\"}"},{"dataType":"ValueEntry","value":"{\"_name\":\"isHarInTestMode\",\"_value\":false,\"_valueType\":\"boolean\"}"},{"dataType":"ValueEntry","value":"{\"_name\":\"isBundledDependencies\",\"_value\":false,\"_valueType\":\"boolean\"}"},{"dataType":"ValueEntry","value":"{\"_name\":\"needSubmitArkTsWidget\",\"_value\":false,\"_valueType\":\"boolean\"}"},{"dataType":"ValueEntry","value":"{\"_name\":\"BUILTIN_TASK_COMMAND\",\"_value\":\"\",\"_valueType\":\"string\"}"},{"dataType":"ValueEntry","value":"{\"_name\":\"BUILTIN_TASK_TOOLCHAIN\",\"_value\":\"\",\"_valueType\":\"string\"}"},{"dataType":"ValueEntry","value":"{\"_name\":\"BUILTIN_TASK_ENV\",\"_value\":\"\",\"_valueType\":\"string\"}"}],"_successful":true,"_projectName":"ChatFreely","_moduleName":"entry","_taskName":"default@GenerateLoaderJson","_key":":ChatFreely:entry:default@GenerateLoaderJson","_executionId":":ChatFreely:entry:default@GenerateLoaderJson:1727267712032","_inputFiles":{"dataType":"Map","value":[["D:\\HuaWei\\project\\ChatFreely\\entry\\src\\mock\\mock-config.json5",{"fileSnapShotHashValue":"66c209209128c43da11ab7da780ef216"}],["D:\\HuaWei\\project\\ChatFreely\\entry\\build\\default\\intermediates\\loader\\default\\pkgContextInfo.json",{"fileSnapShotHashValue":"6e2bf1e5629eff8ddd5faf65ef1cc20c"}],["D:\\HuaWei\\project\\ChatFreely\\entry\\build\\default\\intermediates\\router_map\\default\\temp-router-map.json",{"fileSnapShotHashValue":"24f61bad7b8d65da55b6bbfc4a689364"}]]},"_outputFiles":{"dataType":"Map","value":[["D:\\HuaWei\\project\\ChatFreely\\entry\\build\\default\\intermediates\\loader\\default\\loader.json",{"isDirectory":false,"fileSnapShotHashValue":"a5a8a79d920d7c0791ce5aebd9d8c166"}]]}},":ChatFreely:entry:default@PreviewCompileResource":{"_inputs":[{"dataType":"ValueEntry","value":"{\"_name\":\"BUILTIN_TASK_COMMAND\",\"_value\":\"\",\"_valueType\":\"string\"}"},{"dataType":"ValueEntry","value":"{\"_name\":\"BUILTIN_TASK_ENV\",\"_value\":\"\",\"_valueType\":\"string\"}"},{"dataType":"ValueEntry","value":"{\"_name\":\"BUILTIN_TASK_TOOLCHAIN\",\"_value\":\"D:\\\\beta\\\\DevEco Studio\\\\sdk\\\\default\\\\openharmony\\\\toolchains\\\\restool.exe\",\"_valueType\":\"string\"}"},{"dataType":"ValueEntry","value":"{\"_name\":\"PREVIEWER_REPLACE_PAGE\",\"_valueType\":\"undefined\"}"},{"dataType":"ValueEntry","value":"{\"_name\":\"PREVIEWER_REPLACE_SRCPATH\",\"_valueType\":\"undefined\"}"},{"dataType":"ValueEntry","value":"{\"_name\":\"TARGET_CONFIG\",\"_value\":\"{\\\"name\\\":\\\"default\\\"}\",\"_valueType\":\"string\"}"}],"_successful":true,"_projectName":"ChatFreely","_moduleName":"entry","_taskName":"default@PreviewCompileResource","_key":":ChatFreely:entry:default@PreviewCompileResource","_executionId":":ChatFreely:entry:default@PreviewCompileResource:1727141562058","_inputFiles":{"dataType":"Map","value":[["D:\\HuaWei\\project\\ChatFreely\\entry\\src\\main\\resources",{"fileSnapShotHashValue":"b582cc3d17a56ba84c02182c35efbfcc"}],["D:\\HuaWei\\project\\ChatFreely\\entry\\.preview\\default\\intermediates\\merge_profile\\default\\module.json",{"fileSnapShotHashValue":"c711cc4ed0162817b2138522bb3e8ad1"}]]},"_outputFiles":{"dataType":"Map","value":[["D:\\HuaWei\\project\\ChatFreely\\entry\\.preview\\default\\intermediates\\res\\default",{"isDirectory":true,"fileSnapShotHashValue":"2e5619716fb4babace998fc9d536b0e0"}],["D:\\HuaWei\\project\\ChatFreely\\entry\\.preview\\default\\generated\\r\\default",{"isDirectory":true,"fileSnapShotHashValue":"0a01137fdb97320b0364c321c48d0b92"}]]}},":ChatFreely:entry:default@CopyPreviewProfile":{"_inputs":[{"dataType":"ValueEntry","value":"{\"_name\":\"BUILTIN_TASK_COMMAND\",\"_value\":\"\",\"_valueType\":\"string\"}"},{"dataType":"ValueEntry","value":"{\"_name\":\"BUILTIN_TASK_ENV\",\"_value\":\"\",\"_valueType\":\"string\"}"},{"dataType":"ValueEntry","value":"{\"_name\":\"BUILTIN_TASK_TOOLCHAIN\",\"_value\":\"\",\"_valueType\":\"string\"}"}],"_successful":true,"_projectName":"ChatFreely","_moduleName":"entry","_taskName":"default@CopyPreviewProfile","_key":":ChatFreely:entry:default@CopyPreviewProfile","_executionId":":ChatFreely:entry:default@CopyPreviewProfile:1727141562337","_inputFiles":{"dataType":"Map","value":[["D:\\HuaWei\\project\\ChatFreely\\entry\\src\\main\\resources\\base\\profile",{"fileSnapShotHashValue":"a50236c6d6b14c525dafa1ff016973d5"}]]},"_outputFiles":{"dataType":"Map","value":[["D:\\HuaWei\\project\\ChatFreely\\entry\\.preview\\default\\intermediates\\res\\default\\resources\\base\\profile",{"fileSnapShotHashValue":"74438da2749ad0ce036d89b6f38c0930"}]]}},":ChatFreely:entry:default@PreviewUpdateAssets":{"_inputs":[{"dataType":"ValueEntry","value":"{\"_name\":\"BUILTIN_TASK_COMMAND\",\"_value\":\"\",\"_valueType\":\"string\"}"},{"dataType":"ValueEntry","value":"{\"_name\":\"BUILTIN_TASK_ENV\",\"_value\":\"\",\"_valueType\":\"string\"}"},{"dataType":"ValueEntry","value":"{\"_name\":\"BUILTIN_TASK_TOOLCHAIN\",\"_value\":\"\",\"_valueType\":\"string\"}"},{"dataType":"ValueEntry","value":"{\"_name\":\"previewBuildConfigJson\",\"_value\":\"{\\\"deviceType\\\":\\\"phone,tablet,2in1\\\",\\\"checkEntry\\\":\\\"true\\\",\\\"localPropertiesPath\\\":\\\"D:\\\\\\\\HuaWei\\\\\\\\project\\\\\\\\ChatFreely\\\\\\\\local.properties\\\",\\\"Path\\\":\\\"D:\\\\\\\\beta\\\\\\\\DevEco Studio\\\\\\\\tools\\\\\\\\node\\\\\\\\\\\",\\\"note\\\":\\\"false\\\",\\\"aceProfilePath\\\":\\\"D:\\\\\\\\HuaWei\\\\\\\\project\\\\\\\\ChatFreely\\\\\\\\entry\\\\\\\\.preview\\\\\\\\default\\\\\\\\intermediates\\\\\\\\res\\\\\\\\default\\\\\\\\resources\\\\\\\\base\\\\\\\\profile\\\",\\\"isPreview\\\":\\\"true\\\",\\\"hapMode\\\":\\\"false\\\",\\\"buildMode\\\":\\\"debug\\\",\\\"img2bin\\\":\\\"true\\\",\\\"projectProfilePath\\\":\\\"D:\\\\\\\\HuaWei\\\\\\\\project\\\\\\\\ChatFreely\\\\\\\\build-profile.json5\\\",\\\"watchMode\\\":\\\"true\\\",\\\"appResource\\\":\\\"D:\\\\\\\\HuaWei\\\\\\\\project\\\\\\\\ChatFreely\\\\\\\\entry\\\\\\\\.preview\\\\\\\\default\\\\\\\\intermediates\\\\\\\\res\\\\\\\\default\\\\\\\\ResourceTable.txt\\\",\\\"logLevel\\\":\\\"3\\\",\\\"stageRouterConfig\\\":{\\\"contents\\\":[\\\"{\\\\\\\"module\\\\\\\":{\\\\\\\"pages\\\\\\\":\\\\\\\"$profile:main_pages\\\\\\\",\\\\\\\"name\\\\\\\":\\\\\\\"entry\\\\\\\"}}\\\",\\\"{\\\\\\\"src\\\\\\\":[\\\\\\\"pages/Index\\\\\\\",\\\\\\\"pages/chat/Chat\\\\\\\"]}\\\"],\\\"paths\\\":[\\\"D:\\\\\\\\HuaWei\\\\\\\\project\\\\\\\\ChatFreely\\\\\\\\entry\\\\\\\\.preview\\\\\\\\default\\\\\\\\intermediates\\\\\\\\res\\\\\\\\default\\\\\\\\module.json\\\",\\\"D:\\\\\\\\HuaWei\\\\\\\\project\\\\\\\\ChatFreely\\\\\\\\entry\\\\\\\\.preview\\\\\\\\default\\\\\\\\intermediates\\\\\\\\res\\\\\\\\default\\\\\\\\resources\\\\\\\\base\\\\\\\\profile\\\\\\\\main_pages.json\\\"]},\\\"aceBuildJson\\\":\\\"D:\\\\\\\\HuaWei\\\\\\\\project\\\\\\\\ChatFreely\\\\\\\\entry\\\\\\\\.preview\\\\\\\\default\\\\\\\\intermediates\\\\\\\\loader\\\\\\\\default\\\\\\\\loader.json\\\",\\\"aceModuleRoot\\\":\\\"D:\\\\\\\\HuaWei\\\\\\\\project\\\\\\\\ChatFreely\\\\\\\\entry\\\\\\\\src\\\\\\\\main\\\\\\\\ets\\\",\\\"aceSoPath\\\":\\\"D:\\\\\\\\HuaWei\\\\\\\\project\\\\\\\\ChatFreely\\\\\\\\entry\\\\\\\\.preview\\\\\\\\cache\\\\\\\\nativeDependencies.txt\\\",\\\"cachePath\\\":\\\"D:\\\\\\\\HuaWei\\\\\\\\project\\\\\\\\ChatFreely\\\\\\\\entry\\\\\\\\.preview\\\\\\\\cache\\\\\\\\.default\\\",\\\"aceModuleBuild\\\":\\\"D:\\\\\\\\HuaWei\\\\\\\\project\\\\\\\\ChatFreely\\\\\\\\entry\\\\\\\\.preview\\\\\\\\default\\\\\\\\intermediates\\\\\\\\assets\\\\\\\\default\\\\\\\\ets\\\",\\\"aceModuleJsonPath\\\":\\\"D:\\\\\\\\HuaWei\\\\\\\\project\\\\\\\\ChatFreely\\\\\\\\entry\\\\\\\\.preview\\\\\\\\default\\\\\\\\intermediates\\\\\\\\res\\\\\\\\default\\\\\\\\module.json\\\"}\",\"_valueType\":\"string\"}"}],"_successful":true,"_projectName":"ChatFreely","_moduleName":"entry","_taskName":"default@PreviewUpdateAssets","_key":":ChatFreely:entry:default@PreviewUpdateAssets","_executionId":":ChatFreely:entry:default@PreviewUpdateAssets:1727141562361","_inputFiles":{"dataType":"Map","value":[]},"_outputFiles":{"dataType":"Map","value":[["D:\\HuaWei\\project\\ChatFreely\\entry\\.preview\\default\\intermediates\\res\\default\\module.json",{"isDirectory":false,"fileSnapShotHashValue":"764f23b80ecf4571aff130aa65a7184d"}],["D:\\HuaWei\\project\\ChatFreely\\entry\\.preview\\default\\intermediates\\res\\default\\resources\\base\\profile\\main_pages.json",{"isDirectory":false,"fileSnapShotHashValue":"7b5888034d335a36eeb92bc27b6405da"}]]}},":ChatFreely:entry:default@PreviewArkTS":{"_inputs":[{"dataType":"ValueEntry","value":"{\"_name\":\"debuggable\",\"_value\":true,\"_valueType\":\"boolean\"}"},{"dataType":"ValueEntry","value":"{\"_name\":\"isArk\",\"_value\":true,\"_valueType\":\"boolean\"}"},{"dataType":"ValueEntry","value":"{\"_name\":\"needCoverageInsert\",\"_value\":false,\"_valueType\":\"boolean\"}"},{"dataType":"ValueEntry","value":"{\"_name\":\"ark.tsImportSendable\",\"_value\":false,\"_valueType\":\"boolean\"}"},{"dataType":"ValueEntry","value":"{\"_name\":\"customTypes\",\"_value\":\"\",\"_valueType\":\"string\"}"},{"dataType":"ValueEntry","value":"{\"_name\":\"caseSensitiveCheck\",\"_value\":true,\"_valueType\":\"boolean\"}"},{"dataType":"ValueEntry","value":"{\"_name\":\"useNormalizedOHMUrl\",\"_value\":true,\"_valueType\":\"boolean\"}"},{"dataType":"ValueEntry","value":"{\"_name\":\"transformLib\",\"_value\":\"\",\"_valueType\":\"string\"}"},{"dataType":"ValueEntry","value":"{\"_name\":\"compatibleSdkVersionStage\",\"_value\":\"beta1\",\"_valueType\":\"string\"}"},{"dataType":"ValueEntry","value":"{\"_name\":\"arkTsWdiget\",\"_value\":false,\"_valueType\":\"boolean\"}"},{"dataType":"ValueEntry","value":"{\"_name\":\"OBFUSCATION_ENABLE\",\"_value\":\"undefined\",\"_valueType\":\"string\"}"},{"dataType":"ValueEntry","value":"{\"_name\":\"noExternalImportByPath\",\"_value\":true,\"_valueType\":\"boolean\"}"},{"dataType":"ValueEntry","value":"{\"_name\":\"BUILTIN_TASK_COMMAND\",\"_value\":\"\",\"_valueType\":\"string\"}"},{"dataType":"ValueEntry","value":"{\"_name\":\"BUILTIN_TASK_TOOLCHAIN\",\"_value\":\"\",\"_valueType\":\"string\"}"},{"dataType":"ValueEntry","value":"{\"_name\":\"BUILTIN_TASK_ENV\",\"_value\":\"\",\"_valueType\":\"string\"}"}],"_successful":true,"_projectName":"ChatFreely","_moduleName":"entry","_taskName":"default@PreviewArkTS","_key":":ChatFreely:entry:default@PreviewArkTS","_executionId":":ChatFreely:entry:default@PreviewArkTS:1727141621524","_inputFiles":{"dataType":"Map","value":[["D:\\HuaWei\\project\\ChatFreely\\entry\\.preview\\default\\intermediates\\loader\\default",{"isDirectory":true,"fileSnapShotHashValue":"bd4309fde77628b31275166b5bb81dc5"}],["D:\\HuaWei\\project\\ChatFreely\\entry\\.preview\\default\\intermediates\\res\\default\\resources\\rawfile",{"isDirectory":true,"fileSnapShotHashValue":"8d45aef1673ffcbfe1da437ca4e4203e"}],["D:\\HuaWei\\project\\ChatFreely\\entry\\.preview\\default\\intermediates\\res\\default\\ResourceTable.txt",{"fileSnapShotHashValue":"20934b452b4800aeb3934aabb0917367"}],["D:\\HuaWei\\project\\ChatFreely\\entry\\.preview\\default\\intermediates\\res\\default\\module.json",{"fileSnapShotHashValue":"764f23b80ecf4571aff130aa65a7184d"}],["D:\\HuaWei\\project\\ChatFreely\\entry\\.preview\\default\\intermediates\\res\\default\\resources\\base\\profile",{"isDirectory":true,"fileSnapShotHashValue":"74438da2749ad0ce036d89b6f38c0930"}],["D:\\HuaWei\\project\\ChatFreely\\entry\\src\\main\\ets",{"isDirectory":true,"fileSnapShotHashValue":"03c1237028446c49b0c1055aa81b27db"}],["D:\\HuaWei\\project\\ChatFreely\\entry\\.preview\\default\\intermediates\\loader\\default\\pkgContextInfo.json",{"fileSnapShotHashValue":"d90b6cc9641992a9ff6ab569d7efd679"}],["D:\\HuaWei\\project\\ChatFreely\\entry\\.preview\\default\\generated\\profile\\default\\BuildProfile.ets",{"fileSnapShotHashValue":"0486e77d253b6548bdfe29c80ae28983"}],["D:\\HuaWei\\project\\ChatFreely\\entry\\src\\mock\\mock-config.json5",{"isDirectory":false,"fileSnapShotHashValue":"66c209209128c43da11ab7da780ef216"}]]},"_outputFiles":{"dataType":"Map","value":[["D:\\HuaWei\\project\\ChatFreely\\entry\\.preview\\default\\intermediates\\loader_out\\default\\ets",{"isDirectory":true,"fileSnapShotHashValue":""}]]}},":ChatFreely:entry:default@GenerateMetadata":{"_inputs":[{"dataType":"ValueEntry","value":"{\"_name\":\"BUILTIN_TASK_COMMAND\",\"_value\":\"\",\"_valueType\":\"string\",\"_hash\":\"0b5d05294fdf4e78e8482ef53eb64ac0\"}"},{"dataType":"ValueEntry","value":"{\"_name\":\"BUILTIN_TASK_ENV\",\"_value\":\"\",\"_valueType\":\"string\",\"_hash\":\"cdcdc2ec8062ca9ec1de46dbf2bbc053\"}"},{"dataType":"ValueEntry","value":"{\"_name\":\"BUILTIN_TASK_TOOLCHAIN\",\"_value\":\"\",\"_valueType\":\"string\",\"_hash\":\"e7f94a9422a8bc317a7d90b58efcb5f6\"}"},{"dataType":"ValueEntry","value":"{\"_name\":\"enableSignTask\",\"_value\":true,\"_valueType\":\"boolean\",\"_hash\":\"910298825388ce24c00cb3c1aeb80caa\"}"},{"dataType":"ValueEntry","value":"{\"_name\":\"entryModules\",\"_value\":[],\"_valueType\":\"object\",\"_hash\":\"aea18c73616ef065de1f5734ffcfeacd\"}"},{"dataType":"ValueEntry","value":"{\"_name\":\"existSigningConfig\",\"_value\":false,\"_valueType\":\"boolean\",\"_hash\":\"1577ffedb088f641d0438ac50d5978d5\"}"},{"dataType":"ValueEntry","value":"{\"_name\":\"moduleDeviceType\",\"_value\":[\"phone\",\"tablet\",\"2in1\"],\"_valueType\":\"object\",\"_hash\":\"66b05e14942328cd2607b98a4b94245d\"}"},{"dataType":"ValueEntry","value":"{\"_name\":\"product\",\"_value\":\"default\",\"_valueType\":\"string\",\"_hash\":\"c78efd675257060e500cc4a185c4a166\"}"},{"dataType":"ValueEntry","value":"{\"_name\":\"remoteHspMetaData\",\"_valueType\":\"undefined\",\"_hash\":\"55a9137298c1d5ff2e0dbb72f4577d79\"}"},{"dataType":"ValueEntry","value":"{\"_name\":\"sdkToolchainsComponentVersion\",\"_value\":\"5.0.0.68\",\"_valueType\":\"string\",\"_hash\":\"2465b698c16f6b886e8f6de89c093e21\"}"},{"dataType":"ValueEntry","value":"{\"_name\":\"targetConfig\",\"_value\":\"{\\\"name\\\":\\\"default\\\"}\",\"_valueType\":\"string\",\"_hash\":\"44f0c01d44e2bbf4013c5bb1f232e1fe\"}"}],"_successful":true,"_projectName":"ChatFreely","_moduleName":"entry","_taskName":"default@GenerateMetadata","_key":":ChatFreely:entry:default@GenerateMetadata","_executionId":":ChatFreely:entry:default@GenerateMetadata:1727147028667","_inputFiles":{"dataType":"Map","value":[["D:\\HuaWei\\project\\ChatFreely\\entry\\src\\main\\module.json5",{"fileSnapShotHashValue":"ac3ba269b8fe612b32d103e29887056b"}]]},"_outputFiles":{"dataType":"Map","value":[["D:\\HuaWei\\project\\ChatFreely\\entry\\build\\default\\intermediates\\hap_metadata\\default\\output_metadata.json",{"fileSnapShotHashValue":"9d7290f422d298b77e784b2bd1b09200"}]]}},":ChatFreely:entry:default@ProcessIntegratedHsp":{"_inputs":[{"dataType":"ValueEntry","value":"{\"_name\":\"BUILTIN_TASK_COMMAND\",\"_value\":\"\",\"_valueType\":\"string\"}"},{"dataType":"ValueEntry","value":"{\"_name\":\"BUILTIN_TASK_TOOLCHAIN\",\"_value\":\"\",\"_valueType\":\"string\"}"},{"dataType":"ValueEntry","value":"{\"_name\":\"BUILTIN_TASK_ENV\",\"_value\":\"\",\"_valueType\":\"string\"}"}],"_successful":true,"_projectName":"ChatFreely","_moduleName":"entry","_taskName":"default@ProcessIntegratedHsp","_key":":ChatFreely:entry:default@ProcessIntegratedHsp","_executionId":":ChatFreely:entry:default@ProcessIntegratedHsp:1727267711933","_inputFiles":{"dataType":"Map","value":[]},"_outputFiles":{"dataType":"Map","value":[["D:\\HuaWei\\project\\ChatFreely\\build\\cache\\default\\integrated_hsp\\integratedHspCache.json",{"isDirectory":false,"fileSnapShotHashValue":""}]]}},":ChatFreely:entry:default@MakePackInfo":{"_inputs":[{"dataType":"ValueEntry","value":"{\"_name\":\"BUILTIN_TASK_COMMAND\",\"_value\":\"\",\"_valueType\":\"string\",\"_hash\":\"0b5d05294fdf4e78e8482ef53eb64ac0\"}"},{"dataType":"ValueEntry","value":"{\"_name\":\"BUILTIN_TASK_ENV\",\"_value\":\"\",\"_valueType\":\"string\",\"_hash\":\"cdcdc2ec8062ca9ec1de46dbf2bbc053\"}"},{"dataType":"ValueEntry","value":"{\"_name\":\"BUILTIN_TASK_TOOLCHAIN\",\"_value\":\"\",\"_valueType\":\"string\",\"_hash\":\"e7f94a9422a8bc317a7d90b58efcb5f6\"}"},{"dataType":"ValueEntry","value":"{\"_name\":\"appResOpt\",\"_value\":\"{\\\"app\\\":{\\\"bundleName\\\":\\\"com.hjf.chatfreely\\\",\\\"vendor\\\":\\\"example\\\",\\\"versionCode\\\":1000000,\\\"versionName\\\":\\\"1.0.0\\\",\\\"icon\\\":\\\"$media:app_icon\\\",\\\"label\\\":\\\"$string:app_name\\\"}}\",\"_valueType\":\"string\",\"_hash\":\"8fff61d8c5b50ccdaffa787a89e2d31e\"}"},{"dataType":"ValueEntry","value":"{\"_name\":\"compatibleSdkVersion\",\"_value\":12,\"_valueType\":\"number\",\"_hash\":\"3c48b1937556f5c7e1ff0b2e0af0184f\"}"},{"dataType":"ValueEntry","value":"{\"_name\":\"compileSdkVersion\",\"_value\":12,\"_valueType\":\"number\",\"_hash\":\"56b3e38757636db61170725108e621dc\"}"},{"dataType":"ValueEntry","value":"{\"_name\":\"deviceTypes\",\"_value\":[\"phone\",\"tablet\",\"2in1\"],\"_valueType\":\"object\",\"_hash\":\"955f8760c6b7289b81ed107c2c4df075\"}"},{"dataType":"ValueEntry","value":"{\"_name\":\"integratedHsp\",\"_value\":false,\"_valueType\":\"boolean\",\"_hash\":\"e67900c25b1f9fb70cc779de77dc6912\"}"},{"dataType":"ValueEntry","value":"{\"_name\":\"moduleJsonOpt\",\"_value\":\"{\\\"module\\\":{\\\"name\\\":\\\"entry\\\",\\\"type\\\":\\\"entry\\\",\\\"description\\\":\\\"$string:module_desc\\\",\\\"mainElement\\\":\\\"EntryAbility\\\",\\\"deviceTypes\\\":[\\\"phone\\\",\\\"tablet\\\",\\\"2in1\\\"],\\\"deliveryWithInstall\\\":true,\\\"pages\\\":\\\"$profile:main_pages\\\",\\\"abilities\\\":[{\\\"name\\\":\\\"EntryAbility\\\",\\\"srcEntry\\\":\\\"./ets/entryability/EntryAbility.ets\\\",\\\"description\\\":\\\"$string:EntryAbility_desc\\\",\\\"icon\\\":\\\"$media:icon\\\",\\\"label\\\":\\\"$string:EntryAbility_label\\\",\\\"startWindowIcon\\\":\\\"$media:startIcon\\\",\\\"startWindowBackground\\\":\\\"$color:start_window_background\\\",\\\"exported\\\":true,\\\"skills\\\":[{\\\"entities\\\":[\\\"entity.system.home\\\"],\\\"actions\\\":[\\\"action.system.home\\\"]}]}],\\\"requestPermissions\\\":[{\\\"name\\\":\\\"ohos.permission.INTERNET\\\"},{\\\"name\\\":\\\"ohos.permission.MICROPHONE\\\",\\\"reason\\\":\\\"$string:MICROPHONE_REASON\\\",\\\"usedScene\\\":{\\\"abilities\\\":[\\\"EntryAbility\\\"],\\\"when\\\":\\\"always\\\"}}],\\\"extensionAbilities\\\":[{\\\"name\\\":\\\"EntryBackupAbility\\\",\\\"srcEntry\\\":\\\"./ets/entrybackupability/EntryBackupAbility.ets\\\",\\\"type\\\":\\\"backup\\\",\\\"exported\\\":false,\\\"metadata\\\":[{\\\"name\\\":\\\"ohos.extension.backup\\\",\\\"resource\\\":\\\"$profile:backup_config\\\"}]}]}}\",\"_valueType\":\"string\",\"_hash\":\"ad61f9cb26a847271d169c924eedb930\"}"},{"dataType":"ValueEntry","value":"{\"_name\":\"projectConfigAppOpt\",\"_valueType\":\"undefined\",\"_hash\":\"b52997704fa206ed96a13a1f2e464a85\"}"},{"dataType":"ValueEntry","value":"{\"_name\":\"releaseType\",\"_value\":\"Release\",\"_valueType\":\"string\",\"_hash\":\"bbcabdda034e97584f8c36f85b3ec517\"}"}],"_successful":true,"_projectName":"ChatFreely","_moduleName":"entry","_taskName":"default@MakePackInfo","_key":":ChatFreely:entry:default@MakePackInfo","_executionId":":ChatFreely:entry:default@MakePackInfo:1727147028722","_inputFiles":{"dataType":"Map","value":[["D:\\HuaWei\\project\\ChatFreely\\AppScope\\app.json5",{"fileSnapShotHashValue":"9b534bbf7e358527d405df6b95ad7c33"}],["D:\\HuaWei\\project\\ChatFreely\\entry\\src\\main\\module.json5",{"fileSnapShotHashValue":"ac3ba269b8fe612b32d103e29887056b"}],["D:\\HuaWei\\project\\ChatFreely\\build-profile.json5",{"fileSnapShotHashValue":"a134e4a23db4133910eb126b3e51ab41"}],["D:\\HuaWei\\project\\ChatFreely\\entry\\src\\main\\resources\\base\\profile\\backup_config.json",{"fileSnapShotHashValue":"3723b384267954b80240e1a6491b6347"}]]},"_outputFiles":{"dataType":"Map","value":[["D:\\HuaWei\\project\\ChatFreely\\entry\\build\\default\\outputs\\default\\pack.info",{"fileSnapShotHashValue":"da9c3e765d6083da65e9dc024c3005b2"}]]}},":ChatFreely:entry:default@SyscapTransform":{"_inputs":[{"dataType":"ValueEntry","value":"{\"_name\":\"deviceTypes\",\"_value\":[\"phone\",\"tablet\",\"2in1\"],\"_valueType\":\"object\"}"},{"dataType":"ValueEntry","value":"{\"_name\":\"BUILTIN_TASK_COMMAND\",\"_value\":\"\",\"_valueType\":\"string\"}"},{"dataType":"ValueEntry","value":"{\"_name\":\"BUILTIN_TASK_TOOLCHAIN\",\"_value\":\"\",\"_valueType\":\"string\"}"},{"dataType":"ValueEntry","value":"{\"_name\":\"BUILTIN_TASK_ENV\",\"_value\":\"\",\"_valueType\":\"string\"}"}],"_successful":true,"_projectName":"ChatFreely","_moduleName":"entry","_taskName":"default@SyscapTransform","_key":":ChatFreely:entry:default@SyscapTransform","_executionId":":ChatFreely:entry:default@SyscapTransform:1727267711972","_inputFiles":{"dataType":"Map","value":[["D:\\beta\\DevEco Studio\\sdk\\default\\openharmony\\toolchains\\syscap_tool.exe",{"fileSnapShotHashValue":"52eddc39b7f61edabde8973de4c80c84"}],["D:\\beta\\DevEco Studio\\sdk\\default\\openharmony\\ets\\api\\device-define",{"fileSnapShotHashValue":"d70f6efbcfca20bfec4788ff70271d73"}]]},"_outputFiles":{"dataType":"Map","value":[["D:\\HuaWei\\project\\ChatFreely\\entry\\build\\default\\intermediates\\syscap\\default\\rpcid.sc",{"fileSnapShotHashValue":""}]]}},":ChatFreely:entry:default@ProcessResource":{"_inputs":[{"dataType":"ValueEntry","value":"{\"_name\":\"BUILTIN_TASK_COMMAND\",\"_value\":\"\",\"_valueType\":\"string\",\"_hash\":\"0b5d05294fdf4e78e8482ef53eb64ac0\"}"},{"dataType":"ValueEntry","value":"{\"_name\":\"BUILTIN_TASK_ENV\",\"_value\":\"\",\"_valueType\":\"string\",\"_hash\":\"cdcdc2ec8062ca9ec1de46dbf2bbc053\"}"},{"dataType":"ValueEntry","value":"{\"_name\":\"BUILTIN_TASK_TOOLCHAIN\",\"_value\":\"\",\"_valueType\":\"string\",\"_hash\":\"e7f94a9422a8bc317a7d90b58efcb5f6\"}"},{"dataType":"ValueEntry","value":"{\"_name\":\"D:\\\\HuaWei\\\\project\\\\ChatFreely\\\\entry\\\\build\\\\default\\\\intermediates\\\\res\\\\default\\\\opt-compression.json\",\"_value\":\"{\\\"context\\\":{\\\"extensionPath\\\":\\\"D:\\\\\\\\beta\\\\\\\\DevEco Studio\\\\\\\\sdk\\\\\\\\default\\\\\\\\hms\\\\\\\\toolchains\\\\\\\\lib\\\\\\\\libimage_transcoder_shared.dll\\\"},\\\"compression\\\":{\\\"media\\\":{\\\"enable\\\":false},\\\"filters\\\":[]}}\",\"_valueType\":\"string\",\"_hash\":\"1549fbcf5e7d02afcabbe1a79a6f48be\"}"},{"dataType":"ValueEntry","value":"{\"_name\":\"resConfigJsonContent\",\"_value\":\"{\\\"configPath\\\":\\\"D:\\\\\\\\HuaWei\\\\\\\\project\\\\\\\\ChatFreely\\\\\\\\entry\\\\\\\\build\\\\\\\\default\\\\\\\\intermediates\\\\\\\\process_profile\\\\\\\\default\\\\\\\\module.json\\\",\\\"packageName\\\":\\\"com.hjf.chatfreely\\\",\\\"output\\\":\\\"D:\\\\\\\\HuaWei\\\\\\\\project\\\\\\\\ChatFreely\\\\\\\\entry\\\\\\\\build\\\\\\\\default\\\\\\\\intermediates\\\\\\\\res\\\\\\\\default\\\",\\\"moduleNames\\\":\\\"entry\\\",\\\"ResourceTable\\\":[\\\"D:\\\\\\\\HuaWei\\\\\\\\project\\\\\\\\ChatFreely\\\\\\\\entry\\\\\\\\build\\\\\\\\default\\\\\\\\generated\\\\\\\\r\\\\\\\\default\\\\\\\\ResourceTable.h\\\"],\\\"applicationResource\\\":\\\"D:\\\\\\\\HuaWei\\\\\\\\project\\\\\\\\ChatFreely\\\\\\\\AppScope\\\\\\\\resources\\\",\\\"moduleResources\\\":[\\\"D:\\\\\\\\HuaWei\\\\\\\\project\\\\\\\\ChatFreely\\\\\\\\entry\\\\\\\\src\\\\\\\\main\\\\\\\\resources\\\"],\\\"dependencies\\\":[],\\\"iconCheck\\\":true,\\\"ids\\\":\\\"D:\\\\\\\\HuaWei\\\\\\\\project\\\\\\\\ChatFreely\\\\\\\\entry\\\\\\\\build\\\\\\\\default\\\\\\\\intermediates\\\\\\\\res\\\\\\\\default\\\\\\\\ids_map\\\",\\\"definedIds\\\":\\\"D:\\\\\\\\HuaWei\\\\\\\\project\\\\\\\\ChatFreely\\\\\\\\entry\\\\\\\\build\\\\\\\\default\\\\\\\\intermediates\\\\\\\\res\\\\\\\\default\\\\\\\\ids_map\\\\\\\\id_defined.json\\\",\\\"definedSysIds\\\":\\\"D:\\\\\\\\beta\\\\\\\\DevEco Studio\\\\\\\\sdk\\\\\\\\default\\\\\\\\hms\\\\\\\\toolchains\\\\\\\\id_defined.json\\\"}\",\"_valueType\":\"string\",\"_hash\":\"53277d15bcd5550e533317eb0a01b601\"}"}],"_successful":true,"_projectName":"ChatFreely","_moduleName":"entry","_taskName":"default@ProcessResource","_key":":ChatFreely:entry:default@ProcessResource","_executionId":":ChatFreely:entry:default@ProcessResource:1727147028868","_inputFiles":{"dataType":"Map","value":[]},"_outputFiles":{"dataType":"Map","value":[["D:\\HuaWei\\project\\ChatFreely\\entry\\build\\default\\intermediates\\res\\default\\resConfig.json",{"isDirectory":false,"fileSnapShotHashValue":"f382050e96662d5b369334ef2f9ccbc1"}],["D:\\HuaWei\\project\\ChatFreely\\entry\\build\\default\\intermediates\\res\\default\\opt-compression.json",{"isDirectory":false,"fileSnapShotHashValue":"ca02c43f4709315369e313612b82b236"}]]}},":ChatFreely:entry:default@ProcessLibs":{"_inputs":[{"dataType":"ValueEntry","value":"{\"_name\":\"BUILTIN_TASK_COMMAND\",\"_value\":\"\",\"_valueType\":\"string\",\"_hash\":\"0b5d05294fdf4e78e8482ef53eb64ac0\"}"},{"dataType":"ValueEntry","value":"{\"_name\":\"BUILTIN_TASK_ENV\",\"_value\":\"\",\"_valueType\":\"string\",\"_hash\":\"cdcdc2ec8062ca9ec1de46dbf2bbc053\"}"},{"dataType":"ValueEntry","value":"{\"_name\":\"BUILTIN_TASK_TOOLCHAIN\",\"_value\":\"\",\"_valueType\":\"string\",\"_hash\":\"e7f94a9422a8bc317a7d90b58efcb5f6\"}"},{"dataType":"ValueEntry","value":"{\"_name\":\"isBundledDependencies\",\"_value\":false,\"_valueType\":\"boolean\",\"_hash\":\"a69aa552317c7a6e087cb84a5722e050\"}"},{"dataType":"ValueEntry","value":"{\"_name\":\"isByteCodeHar\",\"_value\":false,\"_valueType\":\"boolean\",\"_hash\":\"c5f9b9e5cabee4253d52d0d01ca64ba2\"}"}],"_successful":true,"_projectName":"ChatFreely","_moduleName":"entry","_taskName":"default@ProcessLibs","_key":":ChatFreely:entry:default@ProcessLibs","_executionId":":ChatFreely:entry:default@ProcessLibs:1727147028908","_inputFiles":{"dataType":"Map","value":[["D:\\HuaWei\\project\\ChatFreely\\build-profile.json5",{"fileSnapShotHashValue":"a134e4a23db4133910eb126b3e51ab41"}],["D:\\HuaWei\\project\\ChatFreely\\entry\\build-profile.json5",{"fileSnapShotHashValue":"8ab7ec25e3f3096d99cf845493f2d1fb"}]]},"_outputFiles":{"dataType":"Map","value":[["D:\\HuaWei\\project\\ChatFreely\\entry\\build\\default\\intermediates\\libs\\default",{"isDirectory":true,"fileSnapShotHashValue":""}]]}},":ChatFreely:entry:default@CompileResource":{"_inputs":[{"dataType":"ValueEntry","value":"{\"_name\":\"BUILTIN_TASK_COMMAND\",\"_value\":\"D:\\\\beta\\\\DevEco Studio\\\\sdk\\\\default\\\\openharmony\\\\toolchains\\\\restool.exe,-l,D:\\\\HuaWei\\\\project\\\\ChatFreely\\\\entry\\\\build\\\\default\\\\intermediates\\\\res\\\\default\\\\resConfig.json\",\"_valueType\":\"string\",\"_hash\":\"4dcd4c8224a7e7bb4151fd8d9a1917ee\"}"},{"dataType":"ValueEntry","value":"{\"_name\":\"BUILTIN_TASK_ENV\",\"_value\":\"\",\"_valueType\":\"string\",\"_hash\":\"cdcdc2ec8062ca9ec1de46dbf2bbc053\"}"},{"dataType":"ValueEntry","value":"{\"_name\":\"BUILTIN_TASK_TOOLCHAIN\",\"_value\":\"D:\\\\beta\\\\DevEco Studio\\\\sdk\\\\default\\\\openharmony\\\\toolchains\\\\restool.exe\",\"_valueType\":\"string\",\"_hash\":\"9f85ecaef7e6e4f7e782c2f572a550f8\"}"},{"dataType":"ValueEntry","value":"{\"_name\":\"TARGET_CONFIG\",\"_value\":\"{\\\"name\\\":\\\"default\\\"}\",\"_valueType\":\"string\",\"_hash\":\"ebe85c5c20c0e5d9e03bc5dc7135f953\"}"}],"_successful":true,"_projectName":"ChatFreely","_moduleName":"entry","_taskName":"default@CompileResource","_key":":ChatFreely:entry:default@CompileResource","_executionId":":ChatFreely:entry:default@CompileResource:1727160486112","_inputFiles":{"dataType":"Map","value":[["D:\\HuaWei\\project\\ChatFreely\\entry\\src\\main\\resources",{"fileSnapShotHashValue":"0416687836d3d9a5fa63e4eee51593bb"}],["D:\\HuaWei\\project\\ChatFreely\\AppScope\\resources",{"fileSnapShotHashValue":"c5e0318275a43ca16304f81946adeeac"}],["D:\\HuaWei\\project\\ChatFreely\\entry\\build\\default\\intermediates\\process_profile\\default\\module.json",{"isDirectory":false,"fileSnapShotHashValue":"45770d6099a2275987b2ec1600b6124c"}],["D:\\HuaWei\\project\\ChatFreely\\entry\\build\\default\\intermediates\\res\\default\\resConfig.json",{"isDirectory":false,"fileSnapShotHashValue":"f382050e96662d5b369334ef2f9ccbc1"}]]},"_outputFiles":{"dataType":"Map","value":[["D:\\HuaWei\\project\\ChatFreely\\entry\\build\\default\\intermediates\\res\\default",{"isDirectory":true,"fileSnapShotHashValue":"76f02eb0d119bbf2afce12024817a3dd"}],["D:\\HuaWei\\project\\ChatFreely\\entry\\build\\default\\generated\\r\\default\\ResourceTable.h",{"isDirectory":false,"fileSnapShotHashValue":"395756647d5383e70947a3f51e45796b"}],["D:\\HuaWei\\project\\ChatFreely\\entry\\build\\default\\generated\\r\\default",{"isDirectory":true,"fileSnapShotHashValue":"6b9e74cf600d315753c8082019bc0cd7"}]]}},":ChatFreely:entry:default@BuildJS":{"_inputs":[{"dataType":"ValueEntry","value":"{\"_name\":\"debuggable\",\"_value\":true,\"_valueType\":\"boolean\"}"},{"dataType":"ValueEntry","value":"{\"_name\":\"isArk\",\"_value\":true,\"_valueType\":\"boolean\"}"},{"dataType":"ValueEntry","value":"{\"_name\":\"needCoverageInsert\",\"_value\":false,\"_valueType\":\"boolean\"}"},{"dataType":"ValueEntry","value":"{\"_name\":\"ark.tsImportSendable\",\"_value\":false,\"_valueType\":\"boolean\"}"},{"dataType":"ValueEntry","value":"{\"_name\":\"customTypes\",\"_value\":\"\",\"_valueType\":\"string\"}"},{"dataType":"ValueEntry","value":"{\"_name\":\"caseSensitiveCheck\",\"_value\":true,\"_valueType\":\"boolean\"}"},{"dataType":"ValueEntry","value":"{\"_name\":\"useNormalizedOHMUrl\",\"_value\":true,\"_valueType\":\"boolean\"}"},{"dataType":"ValueEntry","value":"{\"_name\":\"transformLib\",\"_value\":\"\",\"_valueType\":\"string\"}"},{"dataType":"ValueEntry","value":"{\"_name\":\"compatibleSdkVersionStage\",\"_value\":\"beta1\",\"_valueType\":\"string\"}"},{"dataType":"ValueEntry","value":"{\"_name\":\"BUILTIN_TASK_COMMAND\",\"_value\":\"\",\"_valueType\":\"string\"}"},{"dataType":"ValueEntry","value":"{\"_name\":\"BUILTIN_TASK_TOOLCHAIN\",\"_value\":\"\",\"_valueType\":\"string\"}"},{"dataType":"ValueEntry","value":"{\"_name\":\"BUILTIN_TASK_ENV\",\"_value\":\"\",\"_valueType\":\"string\"}"}],"_successful":false,"_projectName":"ChatFreely","_moduleName":"entry","_taskName":"default@BuildJS","_key":":ChatFreely:entry:default@BuildJS","_executionId":":ChatFreely:entry:default@BuildJS:1727267712174","_inputFiles":{"dataType":"Map","value":[["D:\\HuaWei\\project\\ChatFreely\\entry\\build\\default\\intermediates\\loader\\default",{"isDirectory":true,"fileSnapShotHashValue":"70ebcb0701490dc840740a05508c88ea"}],["D:\\HuaWei\\project\\ChatFreely\\entry\\build\\default\\intermediates\\res\\default\\resources\\rawfile",{"isDirectory":true,"fileSnapShotHashValue":"8d45aef1673ffcbfe1da437ca4e4203e"}],["D:\\HuaWei\\project\\ChatFreely\\entry\\build\\default\\intermediates\\res\\default\\ResourceTable.txt",{"fileSnapShotHashValue":"8acb6ca7619346986a077753320f413f"}],["D:\\HuaWei\\project\\ChatFreely\\entry\\build\\default\\intermediates\\res\\default\\module.json",{"fileSnapShotHashValue":"bbc2bca0a1cdb2fa596b3b27c08a75c4"}],["D:\\HuaWei\\project\\ChatFreely\\entry\\build\\default\\intermediates\\res\\default\\resources\\base\\profile",{"isDirectory":true,"fileSnapShotHashValue":"a50236c6d6b14c525dafa1ff016973d5"}],["D:\\HuaWei\\project\\ChatFreely\\entry\\build\\default\\intermediates\\loader\\default\\pkgContextInfo.json",{"fileSnapShotHashValue":"6e2bf1e5629eff8ddd5faf65ef1cc20c"}]]},"_outputFiles":{"dataType":"Map","value":[["D:\\HuaWei\\project\\ChatFreely\\entry\\build\\default\\intermediates\\loader_out\\default\\js",{"isDirectory":true,"fileSnapShotHashValue":""}]]}},":ChatFreely:entry:default@HotReloadArkTS":{"_inputs":[{"dataType":"ValueEntry","value":"{\"_name\":\"debuggable\",\"_value\":true,\"_valueType\":\"boolean\"}"},{"dataType":"ValueEntry","value":"{\"_name\":\"isArk\",\"_value\":true,\"_valueType\":\"boolean\"}"},{"dataType":"ValueEntry","value":"{\"_name\":\"needCoverageInsert\",\"_value\":false,\"_valueType\":\"boolean\"}"},{"dataType":"ValueEntry","value":"{\"_name\":\"ark.tsImportSendable\",\"_value\":false,\"_valueType\":\"boolean\"}"},{"dataType":"ValueEntry","value":"{\"_name\":\"customTypes\",\"_value\":\"\",\"_valueType\":\"string\"}"},{"dataType":"ValueEntry","value":"{\"_name\":\"caseSensitiveCheck\",\"_value\":true,\"_valueType\":\"boolean\"}"},{"dataType":"ValueEntry","value":"{\"_name\":\"useNormalizedOHMUrl\",\"_value\":true,\"_valueType\":\"boolean\"}"},{"dataType":"ValueEntry","value":"{\"_name\":\"transformLib\",\"_value\":\"\",\"_valueType\":\"string\"}"},{"dataType":"ValueEntry","value":"{\"_name\":\"compatibleSdkVersionStage\",\"_value\":\"beta1\",\"_valueType\":\"string\"}"},{"dataType":"ValueEntry","value":"{\"_name\":\"arkTsWdiget\",\"_value\":false,\"_valueType\":\"boolean\"}"},{"dataType":"ValueEntry","value":"{\"_name\":\"OBFUSCATION_ENABLE\",\"_value\":\"undefined\",\"_valueType\":\"string\"}"},{"dataType":"ValueEntry","value":"{\"_name\":\"noExternalImportByPath\",\"_value\":true,\"_valueType\":\"boolean\"}"},{"dataType":"ValueEntry","value":"{\"_name\":\"BUILTIN_TASK_COMMAND\",\"_value\":\"\",\"_valueType\":\"string\"}"},{"dataType":"ValueEntry","value":"{\"_name\":\"BUILTIN_TASK_TOOLCHAIN\",\"_value\":\"\",\"_valueType\":\"string\"}"},{"dataType":"ValueEntry","value":"{\"_name\":\"BUILTIN_TASK_ENV\",\"_value\":\"\",\"_valueType\":\"string\"}"}],"_successful":true,"_projectName":"ChatFreely","_moduleName":"entry","_taskName":"default@HotReloadArkTS","_key":":ChatFreely:entry:default@HotReloadArkTS","_executionId":":ChatFreely:entry:default@HotReloadArkTS:1727267712202","_inputFiles":{"dataType":"Map","value":[["D:\\HuaWei\\project\\ChatFreely\\entry\\build\\default\\intermediates\\loader\\default",{"isDirectory":true,"fileSnapShotHashValue":"35b9aba83bb590f2f05a9e29abc5fb0b"}],["D:\\HuaWei\\project\\ChatFreely\\entry\\build\\default\\intermediates\\res\\default\\resources\\rawfile",{"isDirectory":true,"fileSnapShotHashValue":"8d45aef1673ffcbfe1da437ca4e4203e"}],["D:\\HuaWei\\project\\ChatFreely\\entry\\build\\default\\intermediates\\res\\default\\ResourceTable.txt",{"fileSnapShotHashValue":"8acb6ca7619346986a077753320f413f"}],["D:\\HuaWei\\project\\ChatFreely\\entry\\build\\default\\intermediates\\res\\default\\module.json",{"fileSnapShotHashValue":"bbc2bca0a1cdb2fa596b3b27c08a75c4"}],["D:\\HuaWei\\project\\ChatFreely\\entry\\build\\default\\intermediates\\res\\default\\resources\\base\\profile",{"isDirectory":true,"fileSnapShotHashValue":"a50236c6d6b14c525dafa1ff016973d5"}],["D:\\HuaWei\\project\\ChatFreely\\entry\\src\\main\\ets",{"isDirectory":true,"fileSnapShotHashValue":"f24bd67c6fc570057696ebcf008665aa"}],["D:\\HuaWei\\project\\ChatFreely\\entry\\build\\default\\intermediates\\loader\\default\\pkgContextInfo.json",{"fileSnapShotHashValue":"6e2bf1e5629eff8ddd5faf65ef1cc20c"}],["D:\\HuaWei\\project\\ChatFreely\\entry\\build\\default\\generated\\profile\\default\\BuildProfile.ets",{"fileSnapShotHashValue":"d8bc88c35223f05676878cdf978321a1"}],["D:\\HuaWei\\project\\ChatFreely\\entry\\src\\mock\\mock-config.json5",{"isDirectory":false,"fileSnapShotHashValue":"66c209209128c43da11ab7da780ef216"}]]},"_outputFiles":{"dataType":"Map","value":[["D:\\HuaWei\\project\\ChatFreely\\entry\\build\\default\\intermediates\\loader_out\\default\\ets",{"isDirectory":true,"fileSnapShotHashValue":"2ce0547c2625fa54bdc84c8f8a000d37"}]]}},":ChatFreely:entry:default@DoNativeStrip":{"_inputs":[{"dataType":"ValueEntry","value":"{\"_name\":\"BUILTIN_TASK_COMMAND\",\"_value\":\"\",\"_valueType\":\"string\",\"_hash\":\"0b5d05294fdf4e78e8482ef53eb64ac0\"}"},{"dataType":"ValueEntry","value":"{\"_name\":\"BUILTIN_TASK_ENV\",\"_value\":\"\",\"_valueType\":\"string\",\"_hash\":\"cdcdc2ec8062ca9ec1de46dbf2bbc053\"}"},{"dataType":"ValueEntry","value":"{\"_name\":\"BUILTIN_TASK_TOOLCHAIN\",\"_value\":\"\",\"_valueType\":\"string\",\"_hash\":\"e7f94a9422a8bc317a7d90b58efcb5f6\"}"}],"_successful":true,"_projectName":"ChatFreely","_moduleName":"entry","_taskName":"default@DoNativeStrip","_key":":ChatFreely:entry:default@DoNativeStrip","_executionId":":ChatFreely:entry:default@DoNativeStrip:1727147030086","_inputFiles":{"dataType":"Map","value":[["D:\\HuaWei\\project\\ChatFreely\\entry\\build\\default\\intermediates\\libs\\default",{"isDirectory":true,"fileSnapShotHashValue":""}]]},"_outputFiles":{"dataType":"Map","value":[["D:\\HuaWei\\project\\ChatFreely\\entry\\build\\default\\intermediates\\stripped_native_libs\\default",{"isDirectory":true,"fileSnapShotHashValue":""}]]}},":ChatFreely:entry:default@CacheNativeLibs":{"_inputs":[{"dataType":"ValueEntry","value":"{\"_name\":\"BUILTIN_TASK_COMMAND\",\"_value\":\"\",\"_valueType\":\"string\",\"_hash\":\"0b5d05294fdf4e78e8482ef53eb64ac0\"}"},{"dataType":"ValueEntry","value":"{\"_name\":\"BUILTIN_TASK_ENV\",\"_value\":\"\",\"_valueType\":\"string\",\"_hash\":\"cdcdc2ec8062ca9ec1de46dbf2bbc053\"}"},{"dataType":"ValueEntry","value":"{\"_name\":\"BUILTIN_TASK_TOOLCHAIN\",\"_value\":\"\",\"_valueType\":\"string\",\"_hash\":\"e7f94a9422a8bc317a7d90b58efcb5f6\"}"}],"_successful":true,"_projectName":"ChatFreely","_moduleName":"entry","_taskName":"default@CacheNativeLibs","_key":":ChatFreely:entry:default@CacheNativeLibs","_executionId":":ChatFreely:entry:default@CacheNativeLibs:1727147030112","_inputFiles":{"dataType":"Map","value":[["D:\\HuaWei\\project\\ChatFreely\\entry\\build\\default\\intermediates\\libs\\default",{"isDirectory":true,"fileSnapShotHashValue":""}],["D:\\HuaWei\\project\\ChatFreely\\entry\\build\\default\\intermediates\\stripped_native_libs\\default",{"isDirectory":true,"fileSnapShotHashValue":""}]]},"_outputFiles":{"dataType":"Map","value":[["D:\\HuaWei\\project\\ChatFreely\\entry\\build\\default\\intermediates\\patch\\default\\base_native_libs.json",{"isDirectory":false,"fileSnapShotHashValue":"9e9fd5ab0aa50ed269973b42742171d2"}]]}},":ChatFreely:entry:default@GeneratePkgModuleJson":{"_inputs":[{"dataType":"ValueEntry","value":"{\"_name\":\"BUILTIN_TASK_COMMAND\",\"_value\":\"\",\"_valueType\":\"string\",\"_hash\":\"0b5d05294fdf4e78e8482ef53eb64ac0\"}"},{"dataType":"ValueEntry","value":"{\"_name\":\"BUILTIN_TASK_ENV\",\"_value\":\"\",\"_valueType\":\"string\",\"_hash\":\"cdcdc2ec8062ca9ec1de46dbf2bbc053\"}"},{"dataType":"ValueEntry","value":"{\"_name\":\"BUILTIN_TASK_TOOLCHAIN\",\"_value\":\"\",\"_valueType\":\"string\",\"_hash\":\"e7f94a9422a8bc317a7d90b58efcb5f6\"}"}],"_successful":true,"_projectName":"ChatFreely","_moduleName":"entry","_taskName":"default@GeneratePkgModuleJson","_key":":ChatFreely:entry:default@GeneratePkgModuleJson","_executionId":":ChatFreely:entry:default@GeneratePkgModuleJson:1727160494367","_inputFiles":{"dataType":"Map","value":[["D:\\HuaWei\\project\\ChatFreely\\entry\\build\\default\\intermediates\\res\\default\\module.json",{"fileSnapShotHashValue":"bbc2bca0a1cdb2fa596b3b27c08a75c4"}]]},"_outputFiles":{"dataType":"Map","value":[["D:\\HuaWei\\project\\ChatFreely\\entry\\build\\default\\intermediates\\package\\default\\module.json",{"fileSnapShotHashValue":"bbc2bca0a1cdb2fa596b3b27c08a75c4"}]]}},":ChatFreely:entry:default@PackageHap":{"_inputs":[{"dataType":"ValueEntry","value":"{\"_name\":\"hotReload\",\"_value\":true,\"_valueType\":\"boolean\"}"},{"dataType":"ValueEntry","value":"{\"_name\":\"integrated_hsp\",\"_value\":false,\"_valueType\":\"boolean\"}"},{"dataType":"ValueEntry","value":"{\"_name\":\"projectConfigAppOpt\",\"_valueType\":\"undefined\"}"},{"dataType":"ValueEntry","value":"{\"_name\":\"sourceMapDir\",\"_value\":\"\",\"_valueType\":\"string\"}"},{"dataType":"ValueEntry","value":"{\"_name\":\"bundleType\",\"_value\":\"app\",\"_valueType\":\"string\"}"},{"dataType":"ValueEntry","value":"{\"_name\":\"BUILTIN_TASK_COMMAND\",\"_value\":\"java,-Dfile.encoding=GBK,-jar,D:\\\\beta\\\\DevEco Studio\\\\sdk\\\\default\\\\openharmony\\\\toolchains\\\\lib\\\\app_packing_tool.jar,--mode,hap,--force,true,--lib-path,D:\\\\HuaWei\\\\project\\\\ChatFreely\\\\entry\\\\build\\\\default\\\\intermediates\\\\stripped_native_libs\\\\default,--json-path,D:\\\\HuaWei\\\\project\\\\ChatFreely\\\\entry\\\\build\\\\default\\\\intermediates\\\\package\\\\default\\\\module.json,--resources-path,D:\\\\HuaWei\\\\project\\\\ChatFreely\\\\entry\\\\build\\\\default\\\\intermediates\\\\res\\\\default\\\\resources,--index-path,D:\\\\HuaWei\\\\project\\\\ChatFreely\\\\entry\\\\build\\\\default\\\\intermediates\\\\res\\\\default\\\\resources.index,--pack-info-path,D:\\\\HuaWei\\\\project\\\\ChatFreely\\\\entry\\\\build\\\\default\\\\outputs\\\\default\\\\pack.info,--out-path,D:\\\\HuaWei\\\\project\\\\ChatFreely\\\\entry\\\\build\\\\default\\\\outputs\\\\default\\\\entry-default-unsigned.hap,--ets-path,D:\\\\HuaWei\\\\project\\\\ChatFreely\\\\entry\\\\build\\\\default\\\\intermediates\\\\loader_out\\\\default\\\\ets,--pkg-context-path,D:\\\\HuaWei\\\\project\\\\ChatFreely\\\\entry\\\\build\\\\default\\\\intermediates\\\\loader\\\\default\\\\pkgContextInfo.json\",\"_valueType\":\"string\"}"},{"dataType":"ValueEntry","value":"{\"_name\":\"BUILTIN_TASK_TOOLCHAIN\",\"_value\":\"D:\\\\beta\\\\DevEco Studio\\\\sdk\\\\default\\\\openharmony\\\\toolchains\\\\lib\\\\app_packing_tool.jar\",\"_valueType\":\"string\"}"},{"dataType":"ValueEntry","value":"{\"_name\":\"BUILTIN_TASK_ENV\",\"_value\":\"\",\"_valueType\":\"string\"}"}],"_successful":true,"_projectName":"ChatFreely","_moduleName":"entry","_taskName":"default@PackageHap","_key":":ChatFreely:entry:default@PackageHap","_executionId":":ChatFreely:entry:default@PackageHap:1727267720963","_inputFiles":{"dataType":"Map","value":[["D:\\HuaWei\\project\\ChatFreely\\entry\\build\\default\\intermediates\\stripped_native_libs\\default",{"isDirectory":false,"fileSnapShotHashValue":""}],["D:\\HuaWei\\project\\ChatFreely\\entry\\build\\default\\intermediates\\res\\default\\module.json",{"isDirectory":false,"fileSnapShotHashValue":"bbc2bca0a1cdb2fa596b3b27c08a75c4"}],["D:\\HuaWei\\project\\ChatFreely\\entry\\build\\default\\intermediates\\res\\default\\resources",{"isDirectory":false,"fileSnapShotHashValue":"7a2395b80dd5f48d1ac1315532ae43fb"}],["D:\\HuaWei\\project\\ChatFreely\\entry\\build\\default\\intermediates\\res\\default\\resources.index",{"isDirectory":false,"fileSnapShotHashValue":"6ebaa91313afa010b2907d5b9d885ad2"}],["D:\\HuaWei\\project\\ChatFreely\\entry\\build\\default\\outputs\\default\\pack.info",{"isDirectory":false,"fileSnapShotHashValue":"da9c3e765d6083da65e9dc024c3005b2"}],["D:\\HuaWei\\project\\ChatFreely\\entry\\build\\default\\intermediates\\loader_out\\default\\ets",{"isDirectory":false,"fileSnapShotHashValue":"2ce0547c2625fa54bdc84c8f8a000d37"}],["D:\\HuaWei\\project\\ChatFreely\\entry\\build\\default\\intermediates\\loader\\default\\pkgContextInfo.json",{"isDirectory":false,"fileSnapShotHashValue":"6e2bf1e5629eff8ddd5faf65ef1cc20c"}],["D:\\HuaWei\\project\\ChatFreely\\entry\\build\\default\\generated\\profile\\default\\BuildProfile.ets",{"fileSnapShotHashValue":"d8bc88c35223f05676878cdf978321a1"}]]},"_outputFiles":{"dataType":"Map","value":[["D:\\HuaWei\\project\\ChatFreely\\entry\\build\\default\\outputs\\default\\entry-default-unsigned.hap",{"isDirectory":false,"fileSnapShotHashValue":"f9315c563f63adcd0cf195d9a61d1ae6"}],["D:\\HuaWei\\project\\ChatFreely\\entry\\build\\default\\outputs\\default\\mapping\\sourceMaps.map",{"fileSnapShotHashValue":"34455ef8d14363262293d065f2f2f562"}]]}},":ChatFreely:entry:default@SignHap":{"_inputs":[{"dataType":"ValueEntry","value":"{\"_name\":\"enableSignTask\",\"_value\":true,\"_valueType\":\"boolean\"}"},{"dataType":"ValueEntry","value":"{\"_name\":\"sdkToolchainsComponentVersion\",\"_value\":\"5.0.0.68\",\"_valueType\":\"string\"}"},{"dataType":"ValueEntry","value":"{\"_name\":\"existSigningConfig\",\"_value\":false,\"_valueType\":\"boolean\"}"},{"dataType":"ValueEntry","value":"{\"_name\":\"BUILTIN_TASK_COMMAND\",\"_value\":\"\",\"_valueType\":\"string\"}"},{"dataType":"ValueEntry","value":"{\"_name\":\"BUILTIN_TASK_TOOLCHAIN\",\"_value\":\"\",\"_valueType\":\"string\"}"},{"dataType":"ValueEntry","value":"{\"_name\":\"BUILTIN_TASK_ENV\",\"_value\":\"\",\"_valueType\":\"string\"}"}],"_successful":true,"_projectName":"ChatFreely","_moduleName":"entry","_taskName":"default@SignHap","_key":":ChatFreely:entry:default@SignHap","_executionId":":ChatFreely:entry:default@SignHap:1727267722231","_inputFiles":{"dataType":"Map","value":[["D:\\HuaWei\\project\\ChatFreely\\entry\\build\\default\\outputs\\default\\entry-default-unsigned.hap",{"isDirectory":false,"fileSnapShotHashValue":"f9315c563f63adcd0cf195d9a61d1ae6"}]]},"_outputFiles":{"dataType":"Map","value":[["D:\\HuaWei\\project\\ChatFreely\\entry\\build\\default\\outputs\\default\\entry-default-signed.hap",{"isDirectory":false,"fileSnapShotHashValue":""}]]}}}