{"hspPkgNames":[],"compileEntries":["&entry/src/main/ets/entryability/EntryAbility&","&entry/src/main/ets/entrybackupability/EntryBackupAbility&","&entry/src/main/ets/pages/Index&","&entry/src/main/ets/pages/chat/Chat&"],"pkgContextInfo":{"@ohos/hypium":{"packageName":"@ohos/hypium","bundleName":"","moduleName":"","version":"1.0.19","entryPath":"index.js","isSO":false,"dependencyAlias":""},"@ohos/hamock":{"packageName":"@ohos/hamock","bundleName":"","moduleName":"","version":"1.0.0","entryPath":"index.ets","isSO":false,"dependencyAlias":""},"entry":{"packageName":"entry","bundleName":"","moduleName":"","version":"","entryPath":"src/main/","isSO":false,"dependencyAlias":""}}}