{
  "entry|entry|1.0.0|src/main/ets/entryability/EntryAbility.ts": {
    "version": 3,
    "file": "EntryAbility.ets",
    "sourceRoot": "",
    "sources": [
      "entry/src/main/ets/entryability/EntryAbility.ets"
    ],
    "names": [],
    "mappings": ";;;;;;;OAGO,EAAE,eAAe,EAAE;AAE1B,MAAM,CAAC,OAAO,OAAO,YAAa,SAAQ,SAAS;IACjD,KAAK,CAAC,QAAQ,CAAC,IAAI,EAAE,IAAI,EAAE,WAAW,EAAE,eAAe,CAAC,WAAW,GAAG,OAAO,CAAC,IAAI,CAAC;QACjF,KAAK,CAAC,IAAI,CAAC,MAAM,EAAE,SAAS,EAAE,YAAY,EAAE,kBAAkB,CAAC,CAAC;QAChE,YAAY;QACZ,MAAM,OAAO,GAAG,iBAAiB,CAAC,eAAe,EAAE,CAAA,CAAC,WAAW;QAC/D,MAAM,OAAO,CAAC,0BAA0B,CACtC,IAAI,CAAC,OAAO,EACZ;YACE,4BAA4B;SAC7B,CACF,CAAA;IACH,CAAC;IAED,SAAS,IAAI,IAAI;QACf,KAAK,CAAC,IAAI,CAAC,MAAM,EAAE,SAAS,EAAE,YAAY,EAAE,mBAAmB,CAAC,CAAC;IACnE,CAAC;IAED,mBAAmB,CAAC,WAAW,EAAE,MAAM,CAAC,WAAW,GAAG,IAAI;QACxD,yDAAyD;QACzD,KAAK,CAAC,IAAI,CAAC,MAAM,EAAE,SAAS,EAAE,YAAY,EAAE,6BAA6B,CAAC,CAAC;QAE3E,WAAW,CAAC,WAAW,CAAC,aAAa,EAAE,CAAC,GAAG,EAAE,EAAE;YAC7C,IAAI,GAAG,CAAC,IAAI,EAAE;gBACZ,KAAK,CAAC,KAAK,CAAC,MAAM,EAAE,SAAS,EAAE,+CAA+C,EAAE,IAAI,CAAC,SAAS,CAAC,GAAG,CAAC,IAAI,EAAE,CAAC,CAAC;gBAC3G,OAAO;aACR;YACD,eAAe,CAAC,IAAI,CAAC,IAAI,CAAC,OAAO,CAAC,CAAA,CAAC,+BAA+B;YAClE,SAAS;YACT,WAAW,CAAC,iBAAiB,EAAE,CAAC,YAAY,EAAE,CAAC,oBAAoB,GAA0B,CAAA;YAC7F,KAAK,CAAC,IAAI,CAAC,MAAM,EAAE,SAAS,EAAE,mCAAmC,CAAC,CAAC;QACrE,CAAC,CAAC,CAAC;IACL,CAAC;IAED,oBAAoB,IAAI,IAAI;QAC1B,yDAAyD;QACzD,KAAK,CAAC,IAAI,CAAC,MAAM,EAAE,SAAS,EAAE,YAAY,EAAE,8BAA8B,CAAC,CAAC;IAC9E,CAAC;IAED,YAAY,IAAI,IAAI;QAClB,oCAAoC;QACpC,KAAK,CAAC,IAAI,CAAC,MAAM,EAAE,SAAS,EAAE,YAAY,EAAE,sBAAsB,CAAC,CAAC;IACtE,CAAC;IAED,YAAY,IAAI,IAAI;QAClB,iCAAiC;QACjC,KAAK,CAAC,IAAI,CAAC,MAAM,EAAE,SAAS,EAAE,YAAY,EAAE,sBAAsB,CAAC,CAAC;IACtE,CAAC;CACF",
    "entry-package-info": "entry|1.0.0"
  },
  "entry|entry|1.0.0|src/main/ets/entrybackupability/EntryBackupAbility.ts": {
    "version": 3,
    "file": "EntryBackupAbility.ets",
    "sourceRoot": "",
    "sources": [
      "entry/src/main/ets/entrybackupability/EntryBackupAbility.ets"
    ],
    "names": [],
    "mappings": ";;;AAGA,MAAM,CAAC,OAAO,OAAO,kBAAmB,SAAQ,sBAAsB;IACpE,KAAK,CAAC,QAAQ;QACZ,KAAK,CAAC,IAAI,CAAC,MAAM,EAAE,SAAS,EAAE,aAAa,CAAC,CAAC;IAC/C,CAAC;IAED,KAAK,CAAC,SAAS,CAAC,aAAa,EAAE,aAAa;QAC1C,KAAK,CAAC,IAAI,CAAC,MAAM,EAAE,SAAS,EAAE,yBAAyB,EAAE,IAAI,CAAC,SAAS,CAAC,aAAa,CAAC,CAAC,CAAC;IAC1F,CAAC;CACF",
    "entry-package-info": "entry|1.0.0"
  },
  "entry|entry|1.0.0|src/main/ets/models/users.ts": {
    "version": 3,
    "file": "users.ets",
    "sourceRoot": "",
    "sources": [
      "entry/src/main/ets/models/users.ets"
    ],
    "names": [],
    "mappings": "AACA,MAAM,OAAO,SAAS;IACpB;;OAEG;IACH,QAAQ,EAAE,MAAM,GAAG,EAAE,CAAA,CAAC,OAAO;IAC7B,MAAM,EAAE,WAAW,GAAG,EAAE,CAAA,CAAE,SAAS;IACnC,EAAE,EAAE,MAAM,GAAG,EAAE,CAAA,CAAC,gBAAgB;IAEhC,MAAM,CAAC,MAAM,CAAC,QAAQ,IAAI,SAAS,EAAE;QACnC,IAAI,IAAI,EAAE,SAAS,EAAE,GAAG,CAAC;gBACvB,QAAQ,EAAE,IAAI;gBACd,MAAM,0GAAuB;gBAC7B,EAAE,EAAE,GAAG;aACR,EAAC;gBACA,QAAQ,EAAE,IAAI;gBACd,MAAM,0GAAuB;gBAC7B,EAAE,EAAE,GAAG;aACR,EAAC;gBACA,QAAQ,EAAE,IAAI;gBACd,MAAM,0GAAuB;gBAC7B,EAAE,EAAE,GAAG;aACR,EAAC;gBACA,QAAQ,EAAE,gBAAgB;gBAC1B,MAAM,0GAAuB;gBAC7B,EAAE,EAAE,GAAG;aACR,EAAC;gBACA,QAAQ,EAAE,SAAS;gBACnB,MAAM,0GAAuB;gBAC7B,EAAE,EAAE,GAAG;aACR,EAAC;gBACA,QAAQ,EAAE,QAAQ;gBAClB,MAAM,0GAAuB;gBAC7B,EAAE,EAAE,GAAG;aACR,EAAC;gBACA,QAAQ,EAAE,MAAM;gBAChB,MAAM,0GAAuB;gBAC7B,EAAE,EAAE,GAAG;aACR,EAAC;gBACA,QAAQ,EAAE,KAAK;gBACf,MAAM,0GAAuB;gBAC7B,EAAE,EAAE,GAAG;aACR,EAAC;gBACA,QAAQ,EAAE,WAAW;gBACrB,MAAM,0GAAuB;gBAC7B,EAAE,EAAE,GAAG;aACR,EAAC;gBACA,QAAQ,EAAE,IAAI;gBACd,MAAM,0GAAwB;gBAC9B,EAAE,EAAE,IAAI;aACT,CAAC,CAAA;QACF,OAAO,IAAI,CAAA;IACb,CAAC;IAED,MAAM,CAAC,MAAM,CAAC,cAAc,IAAI,SAAS;QACvC,MAAM,WAAW,EAAE,SAAS,GAAG;YAC7B,QAAQ,EAAE,KAAK;YACf,MAAM,0GAAwB;YAC9B,EAAE,EAAE,GAAG;SACR,CAAA;QACD,OAAO,WAAW,CAAA;IACpB,CAAC;CACF",
    "entry-package-info": "entry|1.0.0"
  },
  "entry|entry|1.0.0|src/main/ets/utils/AppStorageUtils.ts": {
    "version": 3,
    "file": "AppStorageUtils.ets",
    "sourceRoot": "",
    "sources": [
      "entry/src/main/ets/utils/AppStorageUtils.ets"
    ],
    "names": [],
    "mappings": ";cACS,YAAY,QAAQ,eAAe;OAGrC,EAAE,SAAS,EAAE;;AAGpB,MAAM,OAAO,eAAe;IAC1B,MAAM,CAAC,OAAO,EAAE,OAAO,CAAA;IACvB,UAAU;IACV,MAAM,CAAC,UAAU,EAAE,MAAM,GAAG,eAAe,CAAA;IAC3C,MAAM,CAAC,UAAU,EAAE,MAAM,GAAG,eAAe,CAAA;IAC3C,MAAM,CAAC,QAAQ,EAAE,MAAM,GAAG,aAAa,CAAA;IAEvC,MAAM,CAAC,IAAI,CAAC,OAAO,EAAE,OAAO;QAC1B,eAAe,CAAC,OAAO,GAAG,OAAO,CAAA;IACnC,CAAC;IAED,eAAe;IACf,MAAM,CAAC,YAAY,CAAC,MAAM,EAAE,MAAM;QAChC,yCAAyC;QACzC,OAAO,WAAW,CAAC,kBAAkB,CAAC,eAAe,CAAC,OAAO,EAAE,EAAE,IAAI,EAAE,GAAG,eAAe,CAAC,QAAQ,IAAI,MAAM,EAAE,EAAE,CAAC,CAAA;IACnH,CAAC;IAED,eAAe;IACf,MAAM,CAAC,KAAK,CAAC,cAAc,CAAC,MAAM,EAAE,MAAM,EAAE,OAAO,EAAE,YAAY;QAC/D,MAAM,KAAK,GAAG,eAAe,CAAC,YAAY,CAAC,MAAM,CAAC,CAAA;QAClD,KAAK,CAAC,OAAO,CAAC,OAAO,CAAC,EAAE,EAAE,IAAI,CAAC,SAAS,CAAC,OAAO,CAAC,CAAC,CAAA;QAClD,MAAM,KAAK,CAAC,KAAK,EAAE,CAAA;QACnB,aAAa;QACb,OAAO,CAAC,IAAI,CAAC,eAAe,CAAC,QAAQ,CAAC,CAAA;IACxC,CAAC;IAED,aAAa;IACb,MAAM,CAAC,cAAc,CAAC,MAAM,EAAE,MAAM;QAClC,MAAM,KAAK,GAAG,eAAe,CAAC,YAAY,CAAC,MAAM,CAAC,CAAA;QAClD,MAAM,GAAG,GAAG,KAAK,CAAC,UAAU,EAAE,IAAI,MAAM,CAAA;QACxC,IAAI,GAAG,EAAE;YACP,MAAM,IAAI,GAAG,MAAM,CAAC,MAAM,CAAC,GAAG,CAAC,CAAC,GAAG,CAAC,CAAC,IAAI,EAAE,MAAM,EAAE,EAAE,CAAC,IAAI,CAAC,KAAK,CAAC,IAAI,CAAC,IAAI,YAAY,CAAC,CAAA;YACvF,eAAe;YACf,IAAI,CAAC,IAAI,CAAC,CAAC,CAAC,EAAE,CAAC,EAAE,EAAE,CAAC,CAAC,CAAC,QAAQ,GAAG,CAAC,CAAC,QAAQ,CAAC,CAAA;YAC5C,OAAO,IAAI,CAAA;SACZ;QACD,OAAO,EAAE,CAAA;IACX,CAAC;IAED,aAAa;IACb,MAAM,CAAC,KAAK,CAAC,iBAAiB,CAAC,MAAM,EAAE,MAAM,EAAE,SAAS,EAAE,MAAM;QAC9D,MAAM,KAAK,GAAG,eAAe,CAAC,YAAY,CAAC,MAAM,CAAC,CAAA;QAClD,KAAK,CAAC,UAAU,CAAC,SAAS,CAAC,CAAA;QAC3B,MAAM,KAAK,CAAC,KAAK,EAAE,CAAA;QAEnB,aAAa;QACb,OAAO,CAAC,IAAI,CAAC,eAAe,CAAC,QAAQ,CAAC,CAAA;IACxC,CAAC;IAED,aAAa;IACb,MAAM,CAAC,KAAK,CAAC,oBAAoB,CAAC,MAAM,EAAE,MAAM;QAC9C,WAAW,CAAC,iBAAiB,CAAC,eAAe,CAAC,OAAO,EAAE,EAAE,IAAI,EAAE,GAAG,eAAe,CAAC,QAAQ,IAAI,MAAM,EAAE,EAAE,CAAC,CAAA;QAEzG,aAAa;QACb,OAAO,CAAC,IAAI,CAAC,eAAe,CAAC,QAAQ,CAAC,CAAA;IACxC,CAAC;IAED,eAAe;IACf,MAAM,CAAC,qBAAqB;QAC1B,MAAM,QAAQ,EAAE,YAAY,EAAE,GAAG,EAAE,CAAA;QACnC,SAAS,CAAC,QAAQ,EAAE,CAAC,OAAO,CAAC,IAAI,CAAC,EAAE;YAClC,MAAM,QAAQ,GAAG,eAAe,CAAC,cAAc,CAAC,IAAI,CAAC,EAAE,CAAC,CAAA;YACxD,IAAI,QAAQ,CAAC,MAAM,EAAE;gBACnB,QAAQ,CAAC,IAAI,CAAC,QAAQ,CAAC,QAAQ,CAAC,MAAM,GAAG,CAAC,CAAC,CAAC,CAAA,CAAI,sBAAsB;aACvE;QACH,CAAC,CAAC,CAAA;QACF,QAAQ,CAAC,IAAI,CAAC,CAAC,CAAC,EAAE,CAAC,EAAE,EAAE,CAAC,CAAC,CAAC,QAAQ,GAAG,CAAC,CAAC,QAAQ,CAAC,CAAA;QAChD,OAAO,QAAQ,CAAA;IACjB,CAAC;IAGD;;OAEG;IACH,MAAM,CAAC,WAAW;QAChB,OAAO,WAAW,CAAC,cAAc,CAAC,eAAe,CAAC,OAAO,EAAE,EAAC,IAAI,EAAE,eAAe,CAAC,UAAU,EAAC,CAAC,CAAA;IAChG,CAAC;IACD;;;OAGG;IACH,MAAM,CAAC,KAAK,CAAC,QAAQ,CAAC,KAAK,EAAE,MAAM;QACjC,QAAQ;QACR,UAAU,CAAC,WAAW,CAAC,eAAe,CAAC,UAAU,EAAE,KAAK,CAAC,CAAA;QAEzD,OAAO;QACP,MAAM,KAAK,GAAE,MAAM,eAAe,CAAC,WAAW,EAAE,CAAA;QAChD,MAAM,KAAK,CAAC,OAAO,CAAC,OAAO,EAAE,KAAK,CAAC,CAAA;QACnC,IAAI;QACJ,MAAM,KAAK,CAAC,KAAK,EAAE,CAAA;IACrB,CAAC;IAED;;;OAGG;IACH,MAAM,CAAC,KAAK,CAAC,QAAQ;QACnB,UAAU;QACV,MAAM,KAAK,GAAG,MAAM,eAAe,CAAC,WAAW,EAAE,CAAA;QACjD,MAAM,GAAG,GAAG,MAAM,KAAK,CAAC,OAAO,CAAC,OAAO,EAAE,EAAE,CAAC,CAAA;QAC5C,OAAO,GAAG,CAAC,QAAQ,EAAE,CAAA;IACvB,CAAC;CACF",
    "entry-package-info": "entry|1.0.0"
  },
  "entry|entry|1.0.0|src/main/ets/pages/Index.ts": {
    "version": 3,
    "file": "Index.ets",
    "sourceRoot": "",
    "sources": [
      "entry/src/main/ets/pages/Index.ets"
    ],
    "names": [],
    "mappings": ";;;;IAYE,OAAO,GAAE,iBAAiB,EAAE;IAG5B,kBAAkB,GAAE,MAAM;;OAfrB,kBAAkB;OAClB,WAAW;OACX,EAAE,eAAe,EAAE;cACjB,SAAS,QAAQ,cAAc;OACjC,EAAE,iBAAiB,EAAE;OACrB,EAAE,eAAe,EAAE;OACnB,EAAE,YAAY,EAAE;MAIhB,KAAK;IAFZ;;;;;sDAIiC,iBAAiB,CAAC,QAAQ,EAAE,CAAE,gBAAgB;;iEAGhD,CAAC,CAAC,sBAAsB;;;;KATR;;;;;;;;;;;;;;;;;;;;;IAK7C,4CACS,iBAAiB,EAAE,EAA+B,CAAE,gBAAgB;QAA7E,OAAO;;;QAAP,OAAO,WAAE,iBAAiB,EAAE;;;IAE5B,uDACoB,MAAM,EAAI,CAAC,sBAAsB;QAArD,kBAAkB;;;QAAlB,kBAAkB,WAAE,MAAM;;;IAE1B,KAAK,CAAC,aAAa;QACjB,IAAI,KAAK,EAAE,MAAM,GAAG,MAAM,eAAe,CAAC,QAAQ,EAAE,CAAA;QACpD,IAAI,CAAC,KAAK,IAAI,KAAK,CAAC,MAAM,GAAC,CAAC,EAAE;YAC5B,MAAM,SAAS,EAAE,SAAS,GAAG,MAAM,YAAY,EAAE,CAAA;YACjD,IAAI,SAAS,IAAI,SAAS,CAAC,YAAY,EAAE;gBACvC,KAAK,GAAG,SAAS,CAAC,YAAY,CAAA;aAC/B;YACD,OAAO,CAAC,GAAG,CAAC,MAAM,GAAE,KAAK,CAAC,CAAC;SAC5B;QACD,WAAW;QACX,eAAe,CAAC,QAAQ,CAAC,KAAK,CAAC,CAAA;IACjC,CAAC;IAED,UAAU;IAEV,YAAY,CAAC,IAAI,EAAE,iBAAiB;;YAClC,MAAM;;;;YACJ,KAAK,QAAE,IAAI,CAAC,IAAI,KAAK,IAAI,CAAC,OAAO,CAAC,IAAI,CAAC,kBAAkB,CAAC,CAAC,IAAI,CAAA,CAAC,CAAC,IAAI,CAAC,UAAU,CAAA,CAAC,CAAC,IAAI,CAAC,IAAI;;YAA3F,KAAK,CACF,KAAK,CAAC,EAAE;YADX,KAAK,CAEF,MAAM,CAAC,EAAE;;;YAEZ,IAAI,QAAC,IAAI,CAAC,KAAK;;YAAf,IAAI,CACD,SAAS,CAAE,IAAI,CAAC,IAAI,KAAK,IAAI,CAAC,OAAO,CAAC,IAAI,CAAC,kBAAkB,CAAC,CAAC,IAAI,CAAA,CAAC,0GAAwB,CAAC,yGAA6B;YAD7H,IAAI,CAED,QAAQ,CAAC,EAAE;YAFd,IAAI,CAGD,MAAM,CAAC;gBACN,GAAG,EAAE,CAAC;aACP;;QALH,IAAI;QALN,MAAM;KAYP;IAED;;YAEE,IAAI,QAAC,EAAC,KAAK,WAAE,KAAO,kBAAkB,6BAAzB,KAAO,kBAAkB,gBAAA,EAAC;;YAAvC,IAAI,CAiBH,WAAW,CAAC,WAAW,CAAC,GAAG;YAjB5B,IAAI,CAkBH,iBAAiB,CAAC,GAAG;;;YAjBpB,OAAO;;;;;;;4BAIH,IAAI,IAAI,CAAC,kBAAkB,IAAI,CAAC,EAAE;;;;;wEAChC,kBAAkB;;;;;;;;;;;;;6BACnB;iCAAK,IAAI,IAAI,CAAC,kBAAkB,IAAG,CAAC,EAAE;;;;;wEACrC,WAAW;;;;;;;;;;;;;6BACZ;iCAAK,IAAI,IAAI,CAAC,kBAAkB,IAAG,CAAC,EAAC;;;;;wEACpC,eAAe;;;;;;;;;;;;;6BAChB;iCAAK;;;wCACJ,IAAI,QAAC,IAAI,CAAC,KAAK;;;oCAAf,IAAI;;6BACL;;;;+BACD,MAAM;4BAAC,IAAI,CAAC,YAAY,YAAC,IAAI;;;;;;+CAbzB,IAAI,CAAC,OAAO;;QAApB,OAAO;QADT,IAAI;KAoBL",
    "entry-package-info": "entry|1.0.0"
  },
  "entry|entry|1.0.0|src/main/ets/components/BottomInputs.ts": {
    "version": 3,
    "file": "BottomInputs.ets",
    "sourceRoot": "",
    "sources": [
      "entry/src/main/ets/components/BottomInputs.ets"
    ],
    "names": [],
    "mappings": ";;;;IAmBS,MAAM,GAAE,OAAO;IAEf,WAAW,GAAE,MAAM;IAEnB,kBAAkB,GAAE,OAAO;IAElC,uBAAuB;IACvB,iBAAiB,GAAE,CAAC,OAAO,EAAE,MAAM,KAAG,IAAI;IAE1C,uBAAuB;IACvB,kBAAkB,GAAE,CAAC,GAAG,EAAE,YAAY,KAAG,IAAI;IAG7C,cAAc,GAAE,OAAO;IAEvB,UAAU,GAAE,SAAS,EAAE;IAavB,WAAW,GAAE,MAAM;IACnB,YAAY,GAAE,MAAM;IAEpB,WAAW,GAAE,eAAe;IAW5B,qBAAqB;IACrB,gBAAgB,GAAE,CAAC,WAAW,EAAE,YAAY,EAAE,KAAG,IAAI;IA+FrD,WAAW,GAAE,SAAS,CAAC,eAAe;;IAEtC,WAAW,GAAE,SAAS,CAAC,cAAc;;IACrC,aAAa,GAAE,MAAM;IA0DrB,OAAO;IACP,QAAQ,GAAE,MAAM;IAChB,KAAK,GAAE,MAAM;;OA5NR,WAAW;;;OAEX,EAAE,eAAe,EAAE;;;;OAEnB,EAAE,IAAI,EAAE,QAAQ,EAAC,OAAO,EAAE,KAAK,EAAE,IAAI,EAAE;cACrC,SAAS,QAAQ,iBAAiB;OACpC,EAAE,SAAS,EAAE;OACb,EAAoB,YAAY,EAAE,eAAe,EAAE;cAAjD,gBAAgB;OAClB,EAAE,SAAS,EAAE;;;OAGb,MAAM;;;MAMN,YAAY;IADnB;;;;;qDAG2B,IAAI;0DAED,EAAE,CAAA,WAAW;;iEAEJ,KAAK,CAAC,iBAAiB;QAE5D,uBAAuB;;iCACsB,GAAE,EAAE,GAAC,CAAC;kCAGH,GAAE,EAAE,GAAC,CAAC;6DAG5B,KAAK,CAAC,iBAAiB;;yDAEvB;YACxB,IAAI,SAAS,CAAC,IAAI,4GAAkC,GAAG,EAAE,GAAE,IAAI,CAAC,SAAS,EAAE,CAAA,CAAA,CAAC,CAAC;YAC7E,IAAI,SAAS,CAAC,IAAI,4GAAoC,GAAE,EAAE,GAAC,IAAI,CAAC,sBAAsB,EAAE,CAAA,CAAA,CAAC,CAAC;YAC1F,IAAI,SAAS,CAAC,IAAI,4GAAoC,GAAE,EAAE,GAAC,CAAC,CAAC;YAC7D,IAAI,SAAS,CAAC,MAAM,4GAAmC,GAAE,EAAE,GAAC,CAAC,CAAC;YAC9D,IAAI,SAAS,CAAC,IAAI,4GAAqC,GAAE,EAAE,GAAC,CAAC,CAAC;YAC9D,IAAI,SAAS,CAAC,MAAM,4GAA6C,GAAE,EAAE,GAAC,CAAC,CAAC;YACxE,IAAI,SAAS,CAAC,IAAI,4GAA2C,GAAE,EAAE,GAAC,CAAC,CAAC;YACpE,IAAI,SAAS,CAAC,IAAI,4GAA0C,GAAE,EAAE,GAAC,CAAC,CAAC;SAEpE;2BAGqB,CAAC;4BACA,CAAC;0DAEO,eAAe,CAAC,SAAS;;gCAYA,GAAE,EAAE,GAAC,CAAC;;;6BAkGtC,EAAE,CAAC,WAAW;;wBA2DnB,CAAC,CAAC,UAAU;;qBACf,CAAC,CAAC,CAAC,QAAQ;;;;KA9MI;;;;;;;;;;;;;;;;;;;;;;;;;;;;;;;;;;;;;;;;;;;;;;wCA+I/B,WAAW;wCAEX,WAAW;;;;;;;;;;;;;;;;;;;;;;;;IA5IX,2CAAe,OAAO,EAAO;QAAtB,MAAM;;;QAAN,MAAM,WAAE,OAAO;;;IAEtB,gDAAoB,MAAM,EAAI,CAAA,WAAW;QAAlC,WAAW;;;QAAX,WAAW,WAAE,MAAM;;;IAE1B,uDAA2B,OAAO,EAAQ,CAAC,iBAAiB;QAArD,kBAAkB;;;QAAlB,kBAAkB,WAAE,OAAO;;;IAElC,uBAAuB;IACvB,2BAAmB,CAAC,OAAO,EAAE,MAAM,KAAG,IAAI,CAAS;IAEnD,uBAAuB;IACvB,4BAAoB,CAAC,GAAG,EAAE,YAAY,KAAG,IAAI,CAAS;IAEtD,mDACgB,OAAO,EAAQ,CAAC,iBAAiB;QAAjD,cAAc;;;QAAd,cAAc,WAAE,OAAO;;;IACvB,+CACY,SAAS,EAAE,EAUtB;QAVD,UAAU;;;QAAV,UAAU,WAAE,SAAS,EAAE;;;IAavB,qBAAa,MAAM,CAAI;IACvB,sBAAc,MAAM,CAAI;IACxB,gDACa,eAAe,EAA4B;QAAxD,WAAW;;;QAAX,WAAW,WAAE,eAAe;;;IAE5B,aAAa,IAAI,IAAI;QACnB,cAAc;QACd,IAAI,CAAC,WAAW,GAAG,KAAK,CAAC,OAAO,CAAC,qBAAqB,EAAE,CAAC,KAAK,CAAC,CAAA;QAC/D,IAAI,CAAC,YAAY,GAAG,KAAK,CAAC,OAAO,CAAC,qBAAqB,EAAE,CAAC,MAAM,CAAC,CAAA;QAEjE,WAAW;QACX,IAAI,EAAE,CAAA;IACR,CAAC;IAED,qBAAqB;IACrB,0BAAkB,CAAC,WAAW,EAAE,YAAY,EAAE,KAAG,IAAI,CAAS;IAE9D;;OAEG;IACH,KAAK,CAAC,sBAAsB;QAC1B,IAAI;YACF,MAAM,aAAa,EAAE,YAAY,CAAC,aAAa,GAAG;gBAChD,cAAc,EAAE,MAAM,CAAC,cAAc,CAAC,oBAAoB;aAC3D,CAAA;YACD,aAAa;YACb,MAAM,MAAM,GAAG,MAAM,YAAY,CAAC,IAAI,CACpC,UAAU,EAAE,EACZ,CAAC,YAAY,CAAC,eAAe,CAAC,KAAK,EAAE,YAAY,CAAC,eAAe,CAAC,KAAK,CAAC,EACxE,aAAa,CACd,CAAA;YACD,8DAA8D;YAE9D,IAAI,MAAM,CAAC,SAAS,KAAK,EAAE,IAAI,MAAM,CAAC,SAAS,KAAK,OAAO,EAAE,EAAE,QAAQ;gBACrE,MAAM,WAAW,GAAG,UAAU,EAAE,CAAC,QAAQ,GAAG,GAAG,GAAG,IAAI,CAAC,GAAG,EAAE,GAAG,MAAM,CAAA;gBACrE,iBAAiB;gBACjB,MAAM,UAAU,GAAG,MAAM,CAAC,QAAQ,CAAC,MAAM,CAAC,SAAS,EAAE,MAAM,CAAC,QAAQ,CAAC,SAAS,CAAC,CAAA;gBAC/E,MAAM,CAAC,YAAY,CAAC,UAAU,CAAC,EAAE,EAAE,WAAW,CAAC,CAAA;gBAE/C,aAAa;gBACb,MAAM,YAAY,GAAG,IAAI,YAAY,CAAC;oBACpC,QAAQ,EAAE,IAAI,CAAC,WAAW;oBAC1B,WAAW,EAAE,IAAI,CAAC,WAAW;oBAC7B,cAAc,EAAE,MAAM;oBACtB,WAAW,EAAE,eAAe,CAAC,KAAK;oBAClC,cAAc,EAAE,WAAW;iBAC5B,IAAI,gBAAgB,CAAC,CAAA;gBACtB,IAAI,CAAC,gBAAgB,CAAC,CAAC,YAAY,CAAC,CAAC,CAAA;gBACrC,MAAM,CAAC,SAAS,CAAC,UAAU,CAAC,EAAE,CAAC,CAAA;aAChC;iBACI,IAAI,MAAM,CAAC,SAAS,KAAK,EAAE,IAAI,MAAM,CAAC,SAAS,KAAK,OAAO,EAAC;gBAC/D,MAAM,WAAW,GAAG,UAAU,EAAE,CAAC,QAAQ,GAAG,GAAG,GAAG,IAAI,CAAC,GAAG,EAAE,GAAG,MAAM,CAAA;gBACrE,iBAAiB;gBACjB,MAAM,UAAU,GAAG,MAAM,CAAC,QAAQ,CAAC,MAAM,CAAC,SAAS,EAAE,MAAM,CAAC,QAAQ,CAAC,SAAS,CAAC,CAAA;gBAC/E,MAAM,CAAC,YAAY,CAAC,UAAU,CAAC,EAAE,EAAE,WAAW,CAAC,CAAA;gBAE/C,aAAa;gBACb,MAAM,YAAY,GAAG,IAAI,YAAY,CAAC;oBACpC,QAAQ,EAAE,IAAI,CAAC,WAAW;oBAC1B,WAAW,EAAE,IAAI,CAAC,WAAW;oBAC7B,cAAc,EAAE,MAAM;oBACtB,WAAW,EAAE,eAAe,CAAC,KAAK;oBAClC,cAAc,EAAE,WAAW;iBAC5B,IAAI,gBAAgB,CAAC,CAAA;gBACtB,IAAI,CAAC,gBAAgB,CAAC,CAAC,YAAY,CAAC,CAAC,CAAA;gBACrC,MAAM,CAAC,SAAS,CAAC,UAAU,CAAC,EAAE,CAAC,CAAA;aAChC;SAEF;QAAC,OAAO,GAAG,EAAE;YACZ,YAAY,CAAC,SAAS,CAAC,EAAC,OAAO,EAAE,QAAQ,EAAC,CAAC,CAAA;SAC5C;IAEH,CAAC;IAED;;OAEG;IACH,KAAK,CAAC,SAAS;QACb,UAAU;QACV,IAAI,WAAW,GAAG,IAAI,iBAAiB,CAAC,eAAe,EAAE,CAAA;QACzD,MAAM,MAAM,GAAG,MAAM,WAAW,CAAC,MAAM,CAAC;YACtC,eAAe,EAAE,CAAC;YAClB,QAAQ,EAAE,iBAAiB,CAAC,kBAAkB,CAAC,UAAU;SAC1D,CAAC,CAAA;QACF,IAAI,MAAM,CAAC,SAAS,CAAC,MAAM,GAAG,CAAC,EAAE;YAC/B,IAAI,OAAO,EAAE,YAAY,EAAE,GAAG,EAAE,CAAA,CAAA,UAAU;YAC1C,SAAS;YACT,MAAM,CAAC,SAAS,CAAC,OAAO,CAAC,CAAC,IAAI,EAAC,EAAE;gBAC/B,MAAM,WAAW,GAAG,UAAU,EAAE,CAAC,QAAQ,GAAG,GAAG,GAAG,IAAI,CAAC,GAAG,EAAE,GAAG,MAAM,CAAA;gBACrE,iBAAiB;gBACjB,MAAM,UAAU,GAAG,MAAM,CAAC,QAAQ,CAAC,IAAI,EAAE,MAAM,CAAC,QAAQ,CAAC,SAAS,CAAC,CAAA;gBACnE,MAAM,CAAC,YAAY,CAAC,UAAU,CAAC,EAAE,EAAE,WAAW,CAAC,CAAA;gBAE/C,aAAa;gBACb,MAAM,YAAY,GAAG,IAAI,YAAY,CAAC;oBACpC,QAAQ,EAAE,IAAI,CAAC,WAAW;oBAC1B,WAAW,EAAE,IAAI,CAAC,WAAW;oBAC7B,cAAc,EAAE,MAAM;oBACtB,WAAW,EAAE,eAAe,CAAC,KAAK;oBAClC,cAAc,EAAE,WAAW;iBAC5B,IAAG,gBAAgB,CAAC,CAAA;gBACrB,OAAO,CAAC,IAAI,CAAC,YAAY,CAAC,CAAA;gBAC1B,MAAM,CAAC,SAAS,CAAC,UAAU,CAAC,EAAE,CAAC,CAAA;YACjC,CAAC,CAAC,CAAA;YACF,IAAI,CAAC,gBAAgB,CAAC,OAAO,CAAC,CAAA,CAAA,QAAQ;YACtC,IAAI,CAAC,cAAc,GAAG,KAAK,CAAA,CAAC,qBAAqB;SAClD;IACH,CAAC;IAED,qDACa,SAAS,EAAA,CAAC,eAAe;QAAtC,WAAW;;;QAAX,WAAW,WAAE,SAAS,CAAC,eAAe;;;;IACtC,qDACa,SAAS,EAAA,CAAC,cAAc;QAArC,WAAW;;;QAAX,WAAW,WAAE,SAAS,CAAC,cAAc;;;;IACrC,uBAAe,MAAM,CAAK,CAAC,WAAW;IAEtC,gBAAgB,IAAI,IAAI;QACtB,OAAO,EAAE,CAAA;IACX,CAAC;IAED,SAAS;IACT,UAAU;QACR,IAAI,CAAC,aAAa,GAAG,QAAQ,CAAC,IAAI,CAAC,WAAW,CAAC,EAAE,CAAC,CAAA,CAAC,QAAQ;QAC3D,KAAK,EAAE,CAAA,CAAA,SAAS;QAChB,IAAI,CAAC,SAAS,EAAE,CAAA,CAAA,OAAO;IACzB,CAAC;IAED,MAAM;IACN,QAAQ;QACN,IAAI,EAAE,CAAA;QACN,IAAI,CAAC,OAAO,EAAE,CAAA,CAAA,OAAO;IACvB,CAAC;IAED,aAAa;IACb,aAAa;QACX,IAAI,CAAC,kBAAkB,GAAG,KAAK,CAAA;QAC/B,IAAI,CAAC,QAAQ,EAAE,CAAA,CAAC,UAAU;QAC1B,IAAI,IAAI,CAAC,WAAW,KAAK,eAAe,CAAC,MAAM,EAAE;YAC/C,QAAQ;YACR,SAAS,CAAC,WAAW,CAAC,IAAI,CAAC,aAAa,CAAC,CAAA;SAC1C;aAAK,IAAG,IAAI,CAAC,WAAW,KAAK,eAAe,CAAC,QAAQ,EAAE;SAEvD;aAAK,IAAG,IAAI,CAAC,WAAW,KAAK,eAAe,CAAC,SAAS,EAAE;YACvD,wBAAwB;YACxB,IAAI,IAAI,CAAC,QAAQ,GAAG,CAAC,EAAE,EAAC,UAAU;gBAChC,YAAY,CAAC,SAAS,CAAC;oBACrB,OAAO,EAAE,QAAQ;iBAClB,CAAC,CAAA;gBACF,SAAS,CAAC,WAAW,CAAC,IAAI,CAAC,aAAa,CAAC,CAAA,CAAC,cAAc;gBACxD,OAAM;aACP;YACD,UAAU;YACV,MAAM,GAAG,GAAG,IAAI,YAAY,CAAC;gBAC3B,QAAQ,EAAE,IAAI,CAAC,WAAW;gBAC1B,WAAW,EAAE,IAAI,CAAC,WAAW;gBAC7B,cAAc,EAAE,OAAO,IAAI,CAAC,QAAQ,EAAE;gBACtC,WAAW,EAAE,eAAe,CAAC,KAAK;gBAClC,cAAc,EAAE,IAAI,CAAC,aAAa;gBAClC,cAAc,EAAE,IAAI,CAAC,QAAQ;aAC9B,IAAI,gBAAgB,CAAC,CAAA;YAEtB,IAAI,CAAC,kBAAkB,CAAC,GAAG,CAAC,CAAA;YAC5B,MAAM;YACN,IAAI,CAAC,aAAa,GAAG,EAAE,CAAA;SAExB;QAED,kBAAkB;QAClB,IAAI,CAAC,QAAQ,GAAG,CAAC,CAAA,CAAA,UAAU;QAC3B,IAAI,CAAC,WAAW,GAAG,eAAe,CAAC,SAAS,CAAA;IAC9C,CAAC;IAED,OAAO;IACP,kBAAU,MAAM,CAAI,CAAC,UAAU;IAC/B,eAAO,MAAM,CAAK,CAAC,QAAQ;IAE3B,SAAS;QACP,IAAI,CAAC,KAAK,GAAG,WAAW,CAAC,GAAE,EAAE;YAC3B,IAAI,CAAC,QAAQ,EAAG,CAAA;YAChB,YAAY,CAAC,SAAS,CAAC,EAAC,OAAO,EAAE,QAAQ,IAAI,CAAC,QAAQ,GAAG,EAAC,CAAC,CAAA;QAC7D,CAAC,EAAC,IAAI,CAAC,CAAA;IACT,CAAC;IAED,OAAO;QACL,aAAa,CAAC,IAAI,CAAC,KAAK,CAAC,CAAA,CAAC,OAAO;IACnC,CAAC;IAED,KAAK,CAAC,yBAAyB;QAC7B,wBAAwB;QACxB,IAAI;YACF,MAAM,OAAO,GAAG,iBAAiB,CAAC,eAAe,EAAE,CAAA,CAAC,WAAW;YAC/D,MAAM,UAAU,GAAG,aAAa,CAAC,wBAAwB,CAAC,aAAa,CAAC,UAAU,CAAC,gCAAgC,CAAC,CAAA;YAEpH,YAAY;YACZ,MAAM,MAAM,GAAG,OAAO,CAAC,oBAAoB,CAAC,UAAU,CAAC,OAAO,CAAC,aAAa,EAAC,4BAA4B,CAAC,CAAA;YAE1G,IAAI,MAAM,KAAK,iBAAiB,CAAC,WAAW,CAAC,iBAAiB,EAAE,EAAE,SAAS;gBACzE,gCAAgC;gBAChC,MAAM,OAAO,GAAG,UAAU,EAAE,IAAI,MAAM,CAAC,gBAAgB,CAAA;gBACvD,OAAO,CAAC,YAAY,CAAC;oBACnB,UAAU,EAAE,0BAA0B;oBACtC,WAAW,EAAE,sCAAsC;oBACnD,GAAG,EAAE,wBAAwB;oBAC7B,UAAU,EAAE;wBACV,UAAU,EAAE,UAAU,CAAC,IAAI,CAAA,aAAa;qBACzC;iBACF,CAAC,CAAA;aACH;iBAAK;gBACJ,SAAS;gBACT,IAAI,CAAC,kBAAkB,GAAG,IAAI,CAAA;gBAC9B,SAAS;gBACT,IAAI,CAAC,UAAU,EAAE,CAAA;aAClB;SACF;QAAC,OAAO,GAAG,EAAE;YACZ,YAAY,CAAC,SAAS,CAAC,EAAC,OAAO,EAAE,QAAQ,EAAC,CAAC,CAAA;SAC5C;IACH,CAAC;IAGD,iBAAiB;;YACf,uBAAuB;YACvB,mBAAmB;YACnB,MAAM;;;;;;4CACJ,WAAW;;;;;;;;;;;;QAHb,uBAAuB;QACvB,mBAAmB;QACnB,MAAM;KAGP;IAGD,iBAAiB,CAAC,IAAI,EAAE,SAAS;;YAC/B,MAAM;;YAAN,MAAM,CAoBJ,YAAY,CAAC,CAAC;YApBhB,MAAM,CAqBL,UAAU,CAAC,eAAe,CAAC,MAAM;YArBlC,MAAM,CAsBL,OAAO,CAAC,GAAE,EAAE;gBACX,IAAI,CAAC,SAAS,IAAI,IAAI,CAAC,SAAS,EAAE,CAAA;YACpC,CAAC;;;YAvBC,MAAM;;YAAN,MAAM,CAML,eAAe,CAAC,KAAK,CAAC,KAAK;YAN5B,MAAM,CAOL,KAAK,CAAC,EAAE;YAPT,MAAM,CAQL,WAAW,CAAC,CAAC;YARd,MAAM,CASL,YAAY,CAAC,EAAE;YAThB,MAAM,CAUL,cAAc,CAAC,SAAS,CAAC,MAAM;YAVhC,MAAM,CAWL,UAAU,CAAC,eAAe,CAAC,MAAM;;;YAVhC,KAAK,QAAC,IAAI,CAAC,IAAI;;YAAf,KAAK,CACF,KAAK,CAAC,EAAE;YADX,KAAK,CAEF,MAAM,CAAC,EAAE;YAFZ,KAAK,CAGF,SAAS,CAAC,SAAS;;QAJxB,MAAM;;YAaN,IAAI,QAAC,IAAI,CAAC,KAAK;;YAAf,IAAI,CACD,QAAQ,CAAC,EAAE;YADd,IAAI,CAED,SAAS;YAFZ,IAAI,CAGD,MAAM,CAAC;gBACN,GAAG,EAAC,EAAE;aACP;;QALH,IAAI;QAdN,MAAM;KAyBP;IAED;;YACE,MAAM;;YAAN,MAAM,CA4HL,eAAe;YA5HhB,MAAM,CA6HL,gBAAgB,UACf,KAAO,kBAAkB,6BAAzB,KAAO,kBAAkB;oBACzB,IAAI,CAAC,iBAAiB;qBACtB;gBACE,eAAe,EAAE,eAAe,CAAC,OAAO,CAAC,aAAa;aACvD;;;YAjID,GAAG,QAAC,EAAC,KAAK,EAAE,EAAE,EAAC;;YAAf,GAAG,CAsGF,MAAM,CAAC,EAAE;YAtGV,GAAG,CAuGF,KAAK,CAAC,MAAM;YAvGb,GAAG,CAwGF,OAAO,CAAC;gBACP,IAAI,EAAE,EAAE;gBACR,KAAK,EAAE,EAAE;aACV;;;YA1GC,KAAK,QAAC,IAAI,CAAC,MAAM,CAAC,CAAC,0GAAgC,CAAC,yGAAkC;;YAAtF,KAAK,CACF,KAAK,CAAC,EAAE;YADX,KAAK,CAEF,MAAM,CAAC,EAAE;YAFZ,KAAK,CAGF,OAAO,CAAC,GAAE,EAAE;gBACX,IAAI,CAAC,MAAM,GAAG,CAAC,IAAI,CAAC,MAAM,CAAA;gBAC1B,IAAI,CAAC,IAAI,CAAC,MAAM,EAAC;oBACf,kCAAkC;oBAClC,kBAAU,EAAC,QAAQ,EAAC,GAAG,EAAC,EAAE,GAAE,EAAE;wBAC5B,UAAU;wBACV,IAAI,CAAC,cAAc,GAAG,KAAK,CAAA;oBAC7B,CAAC,CAAC,CAAA;iBACH;YACH,CAAC;;;;YAEH,MAAM;YACN,IAAI,IAAI,CAAC,MAAM,EAAE;;sCAQT,UAAU;;4BAPhB,SAAS,QAAC,EAAC,IAAI,WAAE,KAAO,WAAW,6BAAlB,KAAO,WAAW,gBAAA,EAAC;;4BAApC,SAAS,CACN,MAAM,CAAC,EAAE;4BADZ,SAAS,CAEN,YAAY,CAAC,CAAC;4BAFjB,SAAS,CAGN,YAAY,CAAC,CAAC;4BAHjB,SAAS,CAIN,eAAe,CAAC,KAAK,CAAC,KAAK;4BAJ9B,SAAS,CAKN,SAAS,CAAC,IAAI;4BALjB,SAAS,CAMN,YAAY,CAAC,IAAI;4BANpB,SAAS,CAON,EAAE,CAAC,UAAU;4BAPhB,SAAS,CAQN,QAAQ,CAAC,GAAE,EAAE;gCACZ,SAAS;gCACT,IAAI,CAAC,iBAAiB,CAAC,IAAI,CAAC,WAAW,CAAC,CAAA;gCACxC,IAAI,CAAC,WAAW,GAAG,EAAE,CAAA,CAAC,WAAW;gCACjC,aAAa;gCACb,YAAY,CAAC,YAAY,CAAC,UAAU,CAAC,CAAA;4BAGvC,CAAC;4BAhBH,SAAS,CAiBN,OAAO,CAAC,GAAE,EAAE;gCACX,iCAAiC;gCACjC,kBAAU,EAAC,QAAQ,EAAC,GAAG,EAAC,EAAE,GAAE,EAAE;oCAC5B,UAAU;oCACV,IAAI,CAAC,cAAc,GAAG,KAAK,CAAA;gCAC7B,CAAC,CAAC,CAAA;4BACN,CAAC;;;;aACF;iBAAK;;;wBACJ,QAAQ;wBACR,MAAM,iBAAC,MAAM,EAAE,EAAC,IAAI,EAAE,UAAU,CAAC,MAAM,EAAC;;wBADxC,QAAQ;wBACR,MAAM,CACH,eAAe,CAAC,KAAK,CAAC,KAAK;wBAF9B,QAAQ;wBACR,MAAM,CAEH,YAAY,CAAC,CAAC;wBAHjB,QAAQ;wBACR,MAAM,CAGH,YAAY,CAAC,CAAC;wBAJjB,QAAQ;wBACR,MAAM,CAIH,SAAS;;wBAER,YAAY,QAAC,WAAW,CAAC,QAAQ;wBAC/B,MAAM;wBACN,gBAAgB;wBADhB,MAAM;wBACN,gBAAgB,CACb,QAAQ,CAAC,GAAE,EAAE;4BACZ,oBAAoB;4BACpB,IAAI,CAAC,yBAAyB,EAAE,CAAA;wBAClC,CAAC;wBALH,MAAM;wBACN,gBAAgB,CAKb,WAAW,CAAC,GAAE,EAAE;4BACf,IAAI,CAAC,aAAa,EAAE,CAAA;wBACtB,CAAC;wBARH,MAAM;wBACN,gBAAgB;wBAShB,OAAO;wBACP,UAAU;wBADV,OAAO;wBACP,UAAU,CACP,cAAc,CAAC,CAAC,KAAK,EAAC,EAAE;4BACvB,iBAAiB;4BACjB,IAAI,KAAK,CAAC,UAAU,CAAC,CAAC,CAAC,CAAC,OAAO,GAAG,IAAI,CAAC,YAAY,GAAG,GAAG,EAAE,EAAC,WAAW;gCACrE,WAAW;gCACX,IAAI,CAAC,WAAW,GAAG,eAAe,CAAC,SAAS,CAAA;gCAC5C,iDAAiD;6BAClD;iCAAK;gCACJ,mBAAmB;gCACnB,IAAI,KAAK,CAAC,UAAU,CAAC,CAAC,CAAC,CAAC,OAAO,GAAG,IAAI,CAAC,WAAW,GAAG,CAAC,EAAE;oCACtD,SAAS;oCACT,IAAI,CAAC,WAAW,GAAG,eAAe,CAAC,MAAM,CAAA;oCACzC,6CAA6C;iCAC9C;qCAAK;oCACJ,IAAI,CAAC,WAAW,GAAG,eAAe,CAAC,QAAQ,CAAA;oCAC3C,+CAA+C;iCAEhD;6BACF;wBACH,CAAC;wBApBH,OAAO;wBACP,UAAU,CAoBP,WAAW,CAAC,GAAE,EAAE;4BACf,SAAS;4BACT,IAAI,CAAC,WAAW,GAAG,eAAe,CAAC,SAAS,CAAA;wBAE9C,CAAC;wBAzBH,OAAO;wBACP,UAAU;wBAZZ,YAAY;;;oBAPhB,QAAQ;oBACR,MAAM;;aA6CP;;;;YAED,KAAK;;YAAL,KAAK,CACF,KAAK,CAAC,EAAE;YADX,KAAK,CAEF,MAAM,CAAC,EAAE;YAFZ,KAAK,CAGF,OAAO,CAAC,GAAE,EAAE;gBACX,iCAAiC;gBACjC,kBAAU,EAAC,QAAQ,EAAC,GAAG,EAAC,EAAE,GAAE,EAAE;oBAC5B,UAAU;oBACV,IAAI,CAAC,cAAc,GAAG,CAAC,IAAI,CAAC,cAAc,CAAA;gBAC5C,CAAC,CAAC,CAAA;YACJ,CAAC;;QAnGL,GAAG;;;YA6GH,2BAA2B;YAC3B,IAAI,IAAI,CAAC,cAAc,EAAE;;;wBACvB,OAAO,QAAC,EAAC,OAAO,EAAC,CAAC,EAAC;;wBAAnB,OAAO,CASN,KAAK,CAAC,MAAM;;;wBARX,OAAO;;;;gCACL,OAAO;;gCAAP,OAAO,CAIN,MAAM,CAAC,GAAG;;4BAHT,QAAQ;4BACR,IAAI,CAAC,iBAAiB,YAAC,IAAI,CAAC;4BAF9B,OAAO;;2DADD,IAAI,CAAC,UAAU;;oBAAvB,OAAO;oBADT,OAAO;;aAUR;;;;aAAA;;;QA1HH,MAAM;KAoIP;;;;;AAGH,eAAe,YAAY,CAAA",
    "entry-package-info": "entry|1.0.0"
  },
  "entry|entry|1.0.0|src/main/ets/components/CompletionsHistory.ts": {
    "version": 3,
    "file": "CompletionsHistory.ets",
    "sourceRoot": "",
    "sources": [
      "entry/src/main/ets/components/CompletionsHistory.ets"
    ],
    "names": [],
    "mappings": ";;;;IAWE,IAAI,GAAE,YAAY,EAAE;;;;cARb,YAAY,QAAQ,eAAe;OACrC,EAAE,eAAe,EAAE;OACnB,EAAE,SAAS,EAAE;OACb,EAAE,SAAS,EAAE;MAGb,kBAAkB;IADzB;;;;;mDAGyB,EAAE,CAAE,kBAAkB;;;;KALD;;;;;;;;;;;;;;;;IAI5C,yCACM,YAAY,EAAE,EAAK,CAAE,kBAAkB;QAA7C,IAAI;;;QAAJ,IAAI,WAAE,YAAY,EAAE;;;IAEpB,aAAa,IAAI,IAAI;QACnB,IAAI,CAAC,IAAI,GAAG,eAAe,CAAC,qBAAqB,EAAE,CAAA;QAEnD,cAAc;QACd,OAAO,CAAC,EAAE,CAAC,eAAe,CAAC,QAAQ,EAAE,GAAG,EAAE;YACxC,qBAAqB;YACrB,IAAI,CAAC,IAAI,GAAG,eAAe,CAAC,qBAAqB,EAAE,CAAA;QACrD,CAAC,CAAC,CAAA;IACJ,CAAC;IAID,uBAAuB,CAAC,aAAa,EAAE,MAAM;;YAC3C,GAAG;;YAAH,GAAG,CAMF,MAAM,CAAC,EAAE;YANV,GAAG,CAOF,OAAO,CAAC;gBACP,IAAI,EAAE,EAAE;gBACR,KAAK,EAAE,EAAE;aACV;YAVD,GAAG,CAWF,eAAe;YAXhB,GAAG,CAYF,OAAO,CAAC,KAAK,IAAG,EAAE;gBACjB,cAAc;gBACd,SAAS,CAAC,WAAW,CAAC,aAAa,CAAC,CAAA;gBACpC,MAAM,eAAe,CAAC,oBAAoB,CAAC,aAAa,CAAC,CAAA,CAAE,cAAc;YAC3E,CAAC;;;YAfC,IAAI,QAAC,IAAI;;YAAT,IAAI,CACD,SAAS;YADZ,IAAI,CAED,KAAK,CAAC,GAAG;YAFZ,IAAI,CAGD,SAAS,CAAC,SAAS,CAAC,MAAM;;QAH7B,IAAI;QADN,GAAG;KAkBJ;IAED;;YACE,MAAM;;YAAN,MAAM,CA4EL,MAAM,CAAC,MAAM;;;YA3EZ,IAAI;;YAAJ,IAAI,CAiEH,OAAO,CAAC;gBACP,WAAW,EAAE,CAAC;gBACd,KAAK,0GAA8B;aACpC;YApED,IAAI,CAqEH,OAAO,CAAC;gBACP,IAAI,EAAE,EAAE;gBACR,KAAK,EAAE,EAAE;aACV;;;YAvEC,OAAO;;;;;;;;4BACL,QAAQ;;;;;;wBAAR,QAAQ,CAmDP,WAAW,CAAC;4BACX,GAAG,EAAE,GAAE,EAAE;gCACP,UAAU;gCACV,IAAI,CAAC,uBAAuB,CAAC,IAAI,CAAC,WAAW,CAAC,EAAE,CAAC,CAAA;4BACnD,CAAC;yBACF;wBAxDD,QAAQ,CAyDP,OAAO,CAAC;4BACP,GAAG,EAAE,EAAE;4BACP,MAAM,EAAE,EAAE;yBACX;;;;;;4BA3DC,GAAG,QAAC,EAAE,KAAK,EAAE,EAAE,EAAE;;4BAAjB,GAAG,CAmCF,OAAO,CAAC,GAAE,EAAE;gCACX,MAAM,CAAC,OAAO,CAAC;oCACb,GAAG,EAAE,iBAAiB;oCACtB,MAAM,EAAE,IAAI,CAAC,WAAW;iCACzB,CAAC,CAAA;4BACJ,CAAC;;4BAxCD,GAAG,CA2CE,eAAe;;4BA3CpB,GAAG,CA8CE,eAAe;;;;4BA7ClB,KAAK,QAAC,IAAI,CAAC,WAAW,CAAC,MAAM;;4BAA7B,KAAK,CACF,KAAK,CAAC,EAAE;4BADX,KAAK,CAEF,MAAM,CAAC,EAAE;4BAFZ,KAAK,CAGF,YAAY,CAAC,CAAC;;;4BAEjB,MAAM,QAAC,EAAE,KAAK,EAAE,EAAE,EAAE;;4BAApB,MAAM,CAoBL,cAAc,CAAC,SAAS,CAAC,YAAY;4BApBtC,MAAM,CAqBL,UAAU,CAAC,eAAe,CAAC,KAAK;4BArBjC,MAAM,CAsBL,MAAM,CAAC,EAAE;4BAtBV,MAAM,CAuBL,YAAY,CAAC,CAAC;4BAvBf,MAAM,CAwBL,OAAO,CAAC;gCACP,GAAG,EAAE,CAAC;gCACN,MAAM,EAAE,CAAC;6BACV;;;4BA1BC,GAAG;;4BAAH,GAAG,CAWF,cAAc,CAAC,SAAS,CAAC,YAAY;4BAXtC,GAAG,CAYF,KAAK,CAAC,MAAM;;;4BAXX,IAAI,QAAC,IAAI,CAAC,WAAW,CAAC,QAAQ;;4BAA9B,IAAI,CACD,SAAS;4BADZ,IAAI,CAED,QAAQ,CAAC,EAAE;;wBAFd,IAAI;;4BAGJ,IAAI,QAAC,SAAS,CAAC,IAAI,CAAC,QAAQ,CAAC;;4BAA7B,IAAI,CACD,QAAQ,CAAC,EAAE;4BADd,IAAI,CAED,SAAS;4BAFZ,IAAI,CAGD,MAAM,CAAC;gCACN,GAAG,EAAE,EAAE;6BACR;;wBALH,IAAI;wBAJN,GAAG;;4BAcH,IAAI,QAAC,IAAI,CAAC,cAAc;;4BAAxB,IAAI,CACD,SAAS;4BADZ,IAAI,CAED,QAAQ,CAAC,EAAE;4BAFd,IAAI,CAGD,QAAQ,CAAC,CAAC;;wBAHb,IAAI;wBAfN,MAAM;wBANR,GAAG;wBADL,QAAQ;;;oBAAR,QAAQ;;;+CADF,IAAI,CAAC,IAAI;;QAAjB,OAAO;QADT,IAAI;QADN,MAAM;KA+EP;;;;;AAGH,eAAe,kBAAkB,CAAA",
    "entry-package-info": "entry|1.0.0"
  },
  "entry|entry|1.0.0|src/main/ets/components/ConnectUser.ts": {
    "version": 3,
    "file": "ConnectUser.ets",
    "sourceRoot": "",
    "sources": [
      "entry/src/main/ets/components/ConnectUser.ets"
    ],
    "names": [],
    "mappings": ";;;;IAMS,QAAQ,GAAE,SAAS,EAAE;IAGrB,UAAU,GAAE,SAAS,EAAE;IAI9B,UAAU,GAAE,MAAM;;OAbb,EAAE,SAAS,EAAE;;MAIb,WAAW;IADlB;;;;;uDAGiC,SAAS,CAAC,QAAQ,EAAE,CAAA,kBAAkB;QAErE,wDAAwD;;yDACvB,IAAI,CAAC,QAAQ,CAAA,cAAc;;yDAIvC,EAAE,CAAA,YAAY;;;;;KAZF;;;;;;;;;;;;;;;;;;;;;;;;;;IAKjC,6CAAiB,SAAS,EAAE,EAAuB,CAAA,kBAAkB;QAA9D,QAAQ;;;QAAR,QAAQ,WAAE,SAAS,EAAE;;;IAE5B,wDAAwD;IACxD,+CAAmB,SAAS,EAAE,EAAgB,CAAA,cAAc;QAArD,UAAU;;;QAAV,UAAU,WAAE,SAAS,EAAE;;;IAE9B,+CAEY,MAAM,EAAK,CAAA,YAAY;QAAnC,UAAU;;;QAAV,UAAU,WAAE,MAAM;;;IAElB,QAAQ;QACN,IAAI,CAAC,UAAU,GAAG,IAAI,CAAC,QAAQ,CAAC,MAAM,CAAC,CAAC,IAAI,EAAE,SAAS,EAAC,EAAE;YACxD,OAAO,IAAI,CAAC,QAAQ,CAAC,QAAQ,CAAC,IAAI,CAAC,UAAU,CAAC,CAAA;QAChD,CAAC,CAAC,CAAA;IACJ,CAAC;IAED,qBAAqB;IACrB;;YACE,MAAM;;YAAN,MAAM,CA8DL,MAAM,CAAC,MAAM;YA9Dd,MAAM,CA+DL,OAAO,CAAC;gBACP,GAAG,EAAE,EAAE;aACR;YAjED,MAAM,CAkEL,eAAe;;;YAjEd,GAAG;;YAAH,GAAG,CAMF,KAAK,CAAC,MAAM;YANb,GAAG,CAOF,OAAO,CAAC;gBACP,IAAI,EAAE,EAAE;gBACR,KAAK,EAAE,EAAE;aACV;;;YATC,MAAM,QAAC,EAAC,WAAW,EAAE,OAAO,EAAE,KAAK,WAAE,KAAO,UAAU,6BAAjB,KAAO,UAAU,gBAAA,EAAC;;YAAvD,MAAM,CACH,MAAM,CAAC,EAAE;YADZ,MAAM,CAEH,eAAe;YAFlB,MAAM,CAGH,YAAY,CAAC,CAAC;;QAHjB,MAAM;QADR,GAAG;;YAWH,YAAY;YACZ,IAAI;;YADJ,YAAY;YACZ,IAAI,CAsCH,eAAe,CAAC,KAAK,CAAC,KAAK;YAvC5B,YAAY;YACZ,IAAI,CAuCH,OAAO,CAAC;gBACP,GAAG,EAAC,EAAE;gBACN,MAAM,EAAC,EAAE;aACV;YA3CD,YAAY;YACZ,IAAI,CA2CH,OAAO,CAAC;gBACP,WAAW,EAAE,CAAC;gBACd,KAAK,0GAA8B;aACpC;;;YA7CC,OAAO;;;;;;;;4BACL,kBAAkB;4BAClB,QAAQ;;;;;;wBADR,kBAAkB;wBAClB,QAAQ,CA2BP,OAAO,CAAC,GAAE,EAAE;4BACX,MAAM,CAAC,OAAO,CAAC;gCACb,GAAG,EAAC,iBAAiB;gCACrB,MAAM,EAAE,IAAI,CAAA,IAAI;6BACjB,CAAC,CAAA;wBACJ,CAAC;;;;;;4BA/BC,GAAG,QAAC,EAAC,KAAK,EAAE,EAAE,EAAC;;4BAAf,GAAG,CAcF,KAAK,CAAC,MAAM;4BAdb,GAAG,CAeF,MAAM,CAAC,EAAE;4BAfV,GAAG,CAgBF,OAAO,CAAC,EAAC,IAAI,EAAC,EAAE,EAAE,KAAK,EAAC,EAAE,EAAC;;4BAhB5B,GAAG,CAmBE,eAAe;;4BAnBpB,GAAG,CAsBE,eAAe;;;;4BArBlB,KAAK,QAAC,IAAI,CAAC,MAAM;;4BAAjB,KAAK,CACF,KAAK,CAAC,EAAE;4BADX,KAAK,CAEF,MAAM,CAAC,EAAE;4BAFZ,KAAK,CAGF,YAAY,CAAC,CAAC;;;4BACjB,MAAM;;4BAAN,MAAM,CAKL,YAAY,CAAC,CAAC;4BALf,MAAM,CAML,UAAU,CAAC,eAAe,CAAC,KAAK;4BANjC,MAAM,CAOL,cAAc,CAAC,SAAS,CAAC,MAAM;;;4BAN9B,IAAI,QAAC,IAAI,CAAC,QAAQ;;4BAAlB,IAAI,CACD,SAAS;4BADZ,IAAI,CAED,QAAQ,CAAC,EAAE;;wBAFd,IAAI;wBADN,MAAM;wBALR,GAAG;wBAFL,kBAAkB;wBAClB,QAAQ;;;oBADR,kBAAkB;oBAClB,QAAQ;;;+CAFF,IAAI,CAAC,UAAU;;QAAvB,OAAO;QAFT,YAAY;QACZ,IAAI;QAbN,MAAM;KAmEP;;;;;AAGH,eAAe,WAAW,CAAA",
    "entry-package-info": "entry|1.0.0"
  },
  "entry|entry|1.0.0|src/main/ets/components/MessageDetail.ts": {
    "version": 3,
    "file": "MessageDetail.ets",
    "sourceRoot": "",
    "sources": [
      "entry/src/main/ets/components/MessageDetail.ets"
    ],
    "names": [],
    "mappings": ";;;;IASE,eAAe;IACf,UAAU,GAAE,CAAC,KAAK,EAAE,MAAM,KAAG,IAAI;IACjC,OAAO;IACP,IAAI,GAAE,YAAY;IAElB,WAAW,GAAE,SAAS;IAEf,aAAa,GAAE,OAAO;IAEtB,aAAa,GAAE,SAAS,EAAE;IAgBjC,YAAY,GAAE,MAAI,IAAI;IAiEf,UAAU,GAAC,eAAe;IAmFjC,cAAc;IACd,eAAe,GAAE,eAAe;;OAvL3B,EAAoB,YAAY,EAAE,eAAe,EAAE;cAAjD,gBAAgB;OAClB,EAAE,SAAS,EAAE;OACb,EAAE,SAAS,EAAE;OACb,EAAE,gBAAgB,EAAE;OACpB,EAAE,SAAS,EAAE;MAIb,aAAa;IAFpB;;;;;0BAIsC,GAAE,EAAE,GAAC,CAAC;oBAEtB,IAAI,YAAY,CAAC,EAAE,IAAI,gBAAgB,CAAE;2BAEpC,SAAS,CAAC,cAAc,EAAE,CAAE,UAAU;;4DAE/B,KAAK,CAAA,MAAM;;4DAGzC;YACE,IAAI,SAAS,CAAC,IAAI,2GAAiC;YACnD,IAAI,SAAS,CAAC,KAAK,2GAAuC;YAC1D,IAAI,SAAS,CAAC,IAAI,4GAAoC,GAAE,EAAE;gBACxD,OAAO,CAAC,GAAG,CAAC,eAAe,CAAC,CAAA;gBAC5B,eAAe;gBACf,IAAG,IAAI,CAAC,IAAI,CAAC,cAAc,EAAE;oBAC3B,SAAS,CAAC,WAAW,CAAC,IAAI,CAAC,IAAI,CAAC,cAAc,CAAC,CAAA;iBAChD;gBACD,IAAI,CAAC,UAAU,CAAC,IAAI,CAAC,IAAI,CAAC,EAAE,CAAC,CAAA;YAC/B,CAAC,CAAC;YACF,IAAI,SAAS,CAAC,IAAI,2GAAiC;YACnD,IAAI,SAAS,CAAC,IAAI,2GAAyC;SAC5D;4BAEsB,GAAE,EAAE,GAAC,CAAC,CAAC,wBAAwB;;yDAiEpB,eAAe,CAAC,OAAO,CAAC,sBAAsB;QAElF,QAAQ;;+BAkF2B,IAAI,eAAe,EAAE;;;KAnLZ;;;;;;;;;;;;;;;;;;;;;;;;;;;;;;;;;;;;;;;;;IAK5C,eAAe;IACf,oBAAY,CAAC,KAAK,EAAE,MAAM,KAAG,IAAI,CAAS;IAC1C,OAAO;IACP,cAAM,YAAY,CAA2C;IAE7D,qBAAa,SAAS,CAA6B,CAAE,UAAU;IAE/D,kDAAsB,OAAO,EAAQ,CAAA,MAAM;QAApC,aAAa;;;QAAb,aAAa,WAAE,OAAO;;;IAE7B,kDAAsB,SAAS,EAAE,EAc9B;QAdI,aAAa;;;QAAb,aAAa,WAAE,SAAS,EAAE;;;IAgBjC,sBAAc,MAAI,IAAI,CAAS,CAAC,wBAAwB;IAExD,aAAa,IAAI,IAAI;QACnB,mEAAmE;IAErE,CAAC;IAGD,aAAa;;YACX,OAAO,QAAC,EAAC,OAAO,EAAE,CAAC,EAAC;;YAApB,OAAO,CAuBN,KAAK,CAAC,GAAG;YAvBV,OAAO,CAwBN,OAAO,CAAC;gBACP,GAAG,EAAE,EAAE;gBACP,IAAI,EAAE,EAAE;aACT;;;YA1BC,OAAO;;;;oBACL,UAAU;oBACV,OAAO;;oBADP,UAAU;oBACV,OAAO,CAYN,OAAO,CAAC,GAAE,EAAE;wBACX,IAAI,IAAI,CAAC,SAAS,EAAE,EAAC,kBAAkB;4BACrC,IAAI,CAAC,SAAS,EAAE,CAAA;yBACjB;oBACH,CAAC;;;oBAfC,MAAM,QAAC,EAAE,KAAK,EAAE,CAAC,EAAC;;oBAAlB,MAAM,CASL,MAAM,CAAC,EAAE;;;oBARR,KAAK,QAAC,IAAI,CAAC,IAAI;;oBAAf,KAAK,CACF,SAAS;oBADZ,KAAK,CAEF,KAAK,CAAC,EAAE;oBAFX,KAAK,CAGF,MAAM,CAAC,EAAE;;;oBACZ,IAAI,QAAC,IAAI,CAAC,KAAK;;oBAAf,IAAI,CACD,SAAS;oBADZ,IAAI,CAED,QAAQ,CAAC,EAAE;;gBAFd,IAAI;gBALN,MAAM;gBAFR,UAAU;gBACV,OAAO;;+CAFD,IAAI,CAAC,aAAa;;QAA1B,OAAO;QADT,OAAO;KA4BR;IAGD,cAAc;;YACZ,IAAI,QAAC,IAAI,CAAC,IAAI,CAAC,cAAc;;YAA7B,IAAI,CAED,eAAe,CAAC,IAAI,CAAC,WAAW,CAAC,EAAE,KAAK,IAAI,CAAC,IAAI,CAAC,QAAQ,CAAC,EAAE,CAAA,CAAC,0GAA+B,CAAC,yGAAsB;YAFvH,IAAI,CAGD,SAAS;YAHZ,IAAI,CAID,OAAO,CAAC,EAAE;YAJb,IAAI,CAKD,UAAU,CAAC,EAAE;YALhB,IAAI,CAMD,MAAM,CAAC;gBACN,IAAI,EAAE,EAAE;gBACR,KAAK,EAAE,EAAE;aACV;YATH,IAAI,CAUD,YAAY,CAAC,CAAC;;QAVjB,IAAI;KAWL;IAED,QAAQ;IACR,aAAa;QACX,IAAI,QAAQ,EAAE,MAAM,GAAG,EAAE,CAAA;QACzB,IAAI,QAAQ,EAAE,MAAM,GAAG,EAAE,CAAA;QACzB,IAAI,QAAQ,EAAE,MAAM,GAAG,QAAQ,GAAG,CAAC,GAAG,GAAG,IAAI,CAAC,IAAI,CAAC,cAAc,GAAG,EAAE,CAAE,CAAA;QACxE,IAAI,QAAQ,GAAG,QAAQ,EAAE;YACvB,OAAO,QAAQ,GAAG,GAAG,CAAA;SACtB;QACD,OAAO,QAAQ,GAAG,GAAG,CAAA;IACvB,CAAC;IAED,+CAAkB,eAAe,EAA0B,CAAC,sBAAsB;QAA3E,UAAU;;;QAAV,UAAU,WAAC,eAAe;;;IAEjC,QAAQ;IAER,eAAe;;YACb,MAAM;;YAAN,MAAM,CAwDL,UAAU,CAAC,IAAI,CAAC,WAAW,CAAC,EAAE,KAAK,IAAI,CAAC,IAAI,CAAC,QAAQ,CAAC,EAAE,CAAC,CAAC,CAAC,eAAe,CAAC,GAAG,CAAC,CAAC,CAAC,eAAe,CAAC,KAAK;;;YAtDrG,GAAG,QAAC,EAAE,KAAK,EAAE,CAAC,EAAE;;YAAhB,GAAG,CA8BF,KAAK,CAAC,IAAI,CAAC,aAAa,EAAE;YA9B3B,GAAG,CA+BF,eAAe,CAAC,IAAI,CAAC,WAAW,CAAC,EAAE,KAAK,IAAI,CAAC,IAAI,CAAC,QAAQ,CAAC,EAAE,CAAC,CAAC,0GAA8B,CAAC,yGAC1E;YAhCrB,GAAG,CAiCF,cAAc,CAAC,IAAI,CAAC,WAAW,CAAC,EAAE,KAAK,IAAI,CAAC,IAAI,CAAC,QAAQ,CAAC,EAAE,CAAC,CAAC,CAAC,SAAS,CAAC,GAAG,CAAC,CAAC,CAAC,SAAS,CAAC,KAAK;YAjC/F,GAAG,CAkCF,MAAM,CAAC,EAAE;YAlCV,GAAG,CAmCF,OAAO,CAAC;gBACP,IAAI,EAAE,EAAE;gBACR,KAAK,EAAE,EAAE;aACV;YAtCD,GAAG,CAuCF,MAAM,CAAC;gBACN,IAAI,EAAE,EAAE;gBACR,KAAK,EAAE,EAAE;aACV;YA1CD,GAAG,CA2CF,YAAY,CAAC,CAAC;YA3Cf,GAAG,CA4CF,SAAS,CAAC,IAAI,CAAC,WAAW,CAAC,EAAE,KAAK,IAAI,CAAC,IAAI,CAAC,QAAQ,CAAC,EAAE,CAAC,CAAC,CAAC,SAAS,CAAC,GAAG,CAAC,CAAC,CAAC,SAAS,CAAC,GAAG;YA5CxF,GAAG,CA6CF,OAAO,CAAC,GAAG,EAAE;gBACZ,eAAe;gBACf,gBAAgB,CAAC,KAAK,CAAC,IAAI,CAAC,IAAI,CAAC,cAAc,EAAE,GAAE,EAAE;oBACnD,IAAI,CAAC,UAAU,GAAG,eAAe,CAAC,OAAO,CAAA,CAAC,qBAAqB;gBACjE,CAAC,EAAC,GAAE,EAAE;oBACJ,IAAI,CAAC,UAAU,GAAG,eAAe,CAAC,OAAO,CAAA,CAAC,qBAAqB;gBACjE,CAAC,CAAC,CAAA;YACJ,CAAC;;;YAnDC,IAAI,QAAC,GAAG,IAAI,CAAC,IAAI,CAAC,cAAc,GAAG;;YAAnC,IAAI,CACD,SAAS,CAAC,SAAS,CAAC,MAAM;;QAD7B,IAAI;;YAEJ,8DAA8D;YAC9D,eAAe;YACf,gBAAgB;YAChB,uBAAuB;YACvB,yCAAyC;YACzC,qEAAqE;YACrE,OAAO;YACP,aAAa;YACb,aAAa;;YARb,8DAA8D;YAC9D,eAAe;YACf,gBAAgB;YAChB,uBAAuB;YACvB,yCAAyC;YACzC,qEAAqE;YACrE,OAAO;YACP,aAAa;YACb,aAAa,CACV,MAAM,CAAC;gBACR,kBAAkB;gBAChB,EAAC,GAAG,0GAAkC,EAAC;gBACvC,EAAC,GAAG,0GAAkC,EAAC;gBACvC,EAAC,GAAG,0GAAkC,EAAC;gBACvC,EAAC,GAAG,0GAAkC,EAAC;aACxC;YAfH,8DAA8D;YAC9D,eAAe;YACf,gBAAgB;YAChB,uBAAuB;YACvB,yCAAyC;YACzC,qEAAqE;YACrE,OAAO;YACP,aAAa;YACb,aAAa,CAQV,UAAU,CAAC,CAAC,CAAC;YAhBhB,8DAA8D;YAC9D,eAAe;YACf,gBAAgB;YAChB,uBAAuB;YACvB,yCAAyC;YACzC,qEAAqE;YACrE,OAAO;YACP,aAAa;YACb,aAAa,CASV,KAAK,CAAC,IAAI,CAAC,UAAU;YAjBxB,8DAA8D;YAC9D,eAAe;YACf,gBAAgB;YAChB,uBAAuB;YACvB,yCAAyC;YACzC,qEAAqE;YACrE,OAAO;YACP,aAAa;YACb,aAAa,CAUV,QAAQ,CAAC,GAAG;YAlBf,8DAA8D;YAC9D,eAAe;YACf,gBAAgB;YAChB,uBAAuB;YACvB,yCAAyC;YACzC,qEAAqE;YACrE,OAAO;YACP,aAAa;YACb,aAAa,CAWV,QAAQ,CAAC,QAAQ,CAAC,IAAI;YAnBzB,8DAA8D;YAC9D,eAAe;YACf,gBAAgB;YAChB,uBAAuB;YACvB,yCAAyC;YACzC,qEAAqE;YACrE,OAAO;YACP,aAAa;YACb,aAAa,CAYV,KAAK,CAAC,EAAE;YApBX,8DAA8D;YAC9D,eAAe;YACf,gBAAgB;YAChB,uBAAuB;YACvB,yCAAyC;YACzC,qEAAqE;YACrE,OAAO;YACP,aAAa;YACb,aAAa,CAaV,MAAM,CAAC,EAAE;YArBZ,8DAA8D;YAC9D,eAAe;YACf,gBAAgB;YAChB,uBAAuB;YACvB,yCAAyC;YACzC,qEAAqE;YACrE,OAAO;YACP,aAAa;YACb,aAAa,CAcV,MAAM,CAAC;gBACN,kCAAkC;gBAClC,KAAK,EAAE,IAAI,CAAC,WAAW,CAAC,EAAE,KAAK,IAAI,CAAC,IAAI,CAAC,QAAQ,CAAC,EAAE,CAAC,CAAC,CAAC,GAAG,CAAC,CAAC,CAAC,CAAC;aAC/D;;QA5BL,GAAG;QAFL,MAAM;KAyDP;IAGD,eAAe;;YACb,MAAM;;YAAN,MAAM,CAOL,KAAK,CAAC,KAAK;YAPZ,MAAM,CAQL,MAAM,CAAC;gBACN,IAAI,EAAE,EAAE;gBACR,KAAK,EAAE,EAAE;aACV;YAXD,MAAM,CAYL,OAAO,CAAC,GAAE,EAAE;gBACX,IAAI,CAAC,YAAY,CAAA;YACnB,CAAC;;;YAbC,EAAE;YACF,KAAK,QAAC,SAAS,GAAG,IAAI,CAAC,IAAI,CAAC,cAAc;;YAD1C,EAAE;YACF,KAAK,CACF,YAAY,CAAC,CAAC;YAFjB,EAAE;YACF,KAAK,CAEF,KAAK,CAAC,MAAM;YAHf,EAAE;YACF,KAAK,CAGF,OAAO,CAAC,KAAK;;QALlB,MAAM;KAeP;IAED,cAAc;IACd,yBAAiB,eAAe,CAAwB;IAGxD,eAAe;;YACb,MAAM;;YAAN,MAAM,CAoBL,MAAM,CAAC;gBACN,IAAI,EAAE,EAAE;gBACR,KAAK,EAAE,EAAE;aACV;YAvBD,MAAM,CAwBL,OAAO,CAAC,GAAE,EAAE;gBACX,IAAI,CAAC,YAAY,EAAE,CAAA,CAAC,MAAM;YAC5B,CAAC;;;YAzBC,KAAK;;;;YACH,KAAK,QAAC;gBACJ,GAAG,EAAE,SAAS,GAAG,IAAI,CAAC,IAAI,CAAC,cAAc;gBACzC,UAAU,EAAE,IAAI,CAAC,eAAe;aACjC;;YAHD,KAAK,CAIF,QAAQ,CAAC,KAAK;YAJjB,KAAK,CAKF,KAAK,CAAC,GAAG;YALZ,KAAK,CAMF,MAAM,CAAC,GAAG;YANb,KAAK,CAOF,YAAY,CAAC,CAAC;YAPjB,KAAK,CAQF,EAAE,CAAC,IAAI,CAAC,IAAI,CAAC,EAAE;YARlB,KAAK,CASF,UAAU,CAAC,GAAE,EAAE;gBACd,IAAI,CAAC,eAAe,CAAC,cAAc,CAAC,GAAG,CAAC,CAAA,CAAC,iBAAiB;YAC5D,CAAC;;;YACH,KAAK;;YAAL,KAAK,CACF,KAAK,CAAC,EAAE;YADX,KAAK,CAEF,MAAM,CAAC,EAAE;YAFZ,KAAK,CAGF,SAAS;;QAhBd,KAAK;QADP,MAAM;KA2BP;IAED;;YACE,GAAG;;YAAH,GAAG,CAyCF,KAAK,CAAC,MAAM;YAzCb,GAAG,CA0CF,OAAO,CAAC;gBACP,IAAI,EAAE,EAAE;gBACR,KAAK,EAAE,EAAE;aACV;YA7CD,GAAG,CA8CF,UAAU,CAAC,aAAa,CAAC,GAAG;YA9C7B,GAAG,CA+CF,SAAS,CAAC,IAAI,CAAC,WAAW,CAAC,EAAE,KAAK,IAAI,CAAC,IAAI,CAAC,QAAQ,CAAC,EAAE,CAAA,CAAC,CAAC,SAAS,CAAC,GAAG,CAAC,CAAC,CAAC,SAAS,CAAC,GAAG;;;YA9CrF,yCAAyC;YACzC,KAAK,QAAC,IAAI,CAAC,IAAI,CAAC,QAAQ,CAAC,MAAM;;YAD/B,yCAAyC;YACzC,KAAK,CACF,MAAM,CAAC,EAAE;YAFZ,yCAAyC;YACzC,KAAK,CAEF,KAAK,CAAC,EAAE;YAHX,yCAAyC;YACzC,KAAK,CAGF,YAAY,CAAC,CAAC;;;YAEjB,GAAG;;;YAyBD,gBAAgB;YAAhB,gBAAgB,CAAG,QAAQ,CAAC,GAAE,EAAE;gBAC9B,IAAI,CAAC,aAAa,GAAG,IAAI,CAAA,CAAC,OAAO;YACnC,CAAC;YAFD,gBAAgB;;YAzBlB,GAAG,CA6BF,YAAY,CAAC,CAAC;YA7Bf,GAAG,CA8BF,cAAc,CAAC,IAAI,CAAC,WAAW,CAAC,EAAE,KAAK,IAAI,CAAC,IAAI,CAAC,QAAQ,CAAC,EAAE,CAAA,CAAC,CAAC,SAAS,CAAC,GAAG,CAAC,CAAC,CAAC,SAAS,CAAC,KAAK;;;YA7B5F,MAAM;;YAAN,MAAM,CAWJ,SAAS,CAAC,IAAI,CAAC,aAAa,EAAE;gBAC9B,OAAO,aAAE,IAAI,CAAC,aAAa,aAAA;gBAC3B,WAAW,EAAE,IAAI;gBACjB,UAAU,0GAA2B;gBACrC,mBAAmB,EAAE,SAAS,CAAC,IAAI;gBACnC,aAAa,EAAE,CAAC,KAAK,EAAC,EAAE;oBACtB,IAAI,CAAC,aAAa,GAAG,KAAK,CAAA,CAAA,oBAAoB;gBAChD,CAAC;aACF;;;;YAjBC,IAAI,IAAI,CAAC,IAAI,CAAC,WAAW,KAAK,eAAe,CAAC,IAAI,EAAE;;oBAClD,IAAI,CAAC,cAAc,aAAE,CAAC,QAAQ;;;aAC/B;iBAAK,IAAI,IAAI,CAAC,IAAI,CAAC,WAAW,KAAK,eAAe,CAAC,KAAK,EAAE;;oBACzD,IAAI,CAAC,eAAe,aAAE;;aACvB;iBAAK,IAAI,IAAI,CAAC,IAAI,CAAC,WAAW,KAAK,eAAe,CAAC,KAAK,EAAE;;oBACzD,IAAI,CAAC,eAAe,aAAE;;aACvB;iBAAK,IAAI,IAAI,CAAC,IAAI,CAAC,WAAW,KAAK,eAAe,CAAC,KAAK,EAAE;;oBACzD,IAAI,CAAC,eAAe,aAAE;;aACvB;;;;aAAA;;;QAVH,MAAM;QADR,GAAG;;YA+BH,IAAI;;YAAJ,IAAI,CAAG,YAAY,CAAC,CAAC;;QAArB,IAAI;QAtCN,GAAG;KAkDJ;;;;;AAGH,eAAe,aAAa,CAAA",
    "entry-package-info": "entry|1.0.0"
  },
  "entry|entry|1.0.0|src/main/ets/components/PersonalMessage.ts": {
    "version": 3,
    "file": "PersonalMessage.ets",
    "sourceRoot": "",
    "sources": [
      "entry/src/main/ets/components/PersonalMessage.ets"
    ],
    "names": [],
    "mappings": ";;;;;;;;IAME,MAAM,GAAE,WAAW,EAAE;;OANhB,EAAE,WAAW,EAAE;AAGtB,MAAM,OAAQ,eAAe;IAD7B;;;;;qDAI0B,WAAW,CAAC,MAAM,EAAE;;;KANJ;;;;;;;;;;;;;;;;IAKxC,2CACQ,WAAW,EAAE,EAAuB;QAA5C,MAAM;;;QAAN,MAAM,WAAE,WAAW,EAAE;;;IAErB;;YACE,MAAM;;;;;;;oBAEJ,SAAS;oBACT,OAAO;;;;;;;;;;;;;YAEP,MAAM;;YAAN,MAAM,CAmEL,KAAK,CAAC,MAAM;YAnEb,MAAM,CAoEL,MAAM,CAAC,MAAM;;;YAnEZ,OAAO;;YAAP,OAAO,CACJ,WAAW,CAAC,EAAE;YADjB,OAAO,CAEJ,eAAe,CAAC,SAAS;YAF5B,OAAO,CAGJ,OAAO,CAAC,GAAG;;;;;;oBAEd,IAAI;oBACJ,MAAM;;;;;;;;;;;;;YAEN,OAAO;;YAAP,OAAO,CACJ,WAAW,CAAC,EAAE;YADjB,OAAO,CAEJ,eAAe,CAAC,SAAS;YAF5B,OAAO,CAGJ,OAAO,CAAC,GAAG;;;YAEd,UAAU;YACV,OAAO;;;;oBACL,GAAG;;oBAAH,GAAG,CAaF,OAAO,CAAC,EAAE;oBAbX,GAAG,CAcF,KAAK,CAAC,MAAM;oBAdb,GAAG,CAeF,cAAc,CAAC,SAAS,CAAC,YAAY;;;oBAdpC,GAAG,QAAC,EAAE,KAAK,EAAE,EAAE,EAAE;;;;oBACf,KAAK,QAAC,IAAI,CAAC,EAAE;;oBAAb,KAAK,CACF,WAAW,CAAC,CAAC;oBADhB,KAAK,CAEF,KAAK,CAAC,EAAE;;;oBACX,IAAI,QAAC,IAAI,CAAC,EAAE;;oBAAZ,IAAI,CACD,QAAQ,CAAC,EAAE;;gBADd,IAAI;gBAJN,GAAG;;oBASH,KAAK;;oBAAL,KAAK,CACF,KAAK,CAAC,EAAE;;gBAXb,GAAG;;oBAiBH,OAAO;;oBAAP,OAAO,CACJ,WAAW,CAAC,CAAC;oBADhB,OAAO,CAEJ,eAAe,CAAC,SAAS;oBAF5B,OAAO,CAGJ,OAAO,CAAC,GAAG;;;+CArBR,IAAI,CAAC,MAAM;;QADnB,UAAU;QACV,OAAO;;YAwBP,OAAO;;YAAP,OAAO,CACJ,WAAW,CAAC,CAAC;YADhB,OAAO,CAEJ,eAAe,CAAC,SAAS;YAF5B,OAAO,CAGJ,OAAO,CAAC,GAAG;;;YACd,IAAI;YACJ,GAAG;;YADH,IAAI;YACJ,GAAG,CAaF,OAAO,CAAC,EAAE;YAdX,IAAI;YACJ,GAAG,CAcF,KAAK,CAAC,MAAM;YAfb,IAAI;YACJ,GAAG,CAeF,cAAc,CAAC,SAAS,CAAC,YAAY;;;YAdpC,GAAG,QAAC,EAAE,KAAK,EAAE,EAAE,EAAE;;;;YACf,KAAK;;YAAL,KAAK,CACF,WAAW,CAAC,CAAC;YADhB,KAAK,CAEF,KAAK,CAAC,EAAE;;;YACX,IAAI,QAAC,IAAI;;YAAT,IAAI,CACD,QAAQ,CAAC,EAAE;;QADd,IAAI;QAJN,GAAG;;YASH,KAAK;;YAAL,KAAK,CACF,KAAK,CAAC,EAAE;;QAZb,IAAI;QACJ,GAAG;;YAiBH,OAAO;;YAAP,OAAO,CACJ,WAAW,CAAC,GAAG;YADlB,OAAO,CAEJ,eAAe,CAAC,SAAS;YAF5B,OAAO,CAGJ,OAAO,CAAC,GAAG;;QAhEhB,MAAM;QALR,MAAM;KA8EP;;;;;MAII,OAAO;IADd;;;;;;;KAFC;;;;;;;;;;;IAIC;;YACE,GAAG;;YAAH,GAAG,CAgDF,MAAM,CAAC,EAAC,GAAG,EAAC,EAAE,EAAC;YAhDhB,GAAG,CAiDF,OAAO,CAAC,EAAE;YAjDX,GAAG,CAkDF,UAAU,CAAC,aAAa,CAAC,GAAG;;;YAjD3B,MAAM;;;;YACJ,KAAK;;YAAL,KAAK,CACF,WAAW,CAAC,CAAC;YADhB,KAAK,CAEF,KAAK,CAAC,EAAE;YAFX,KAAK,CAGF,OAAO,CAAC,EAAE;YAHb,KAAK,CAIF,YAAY,CAAC,EAAE;;QALpB,MAAM;;YAON,MAAM,QAAC,EAAC,KAAK,EAAC,CAAC,EAAC;;YAAhB,MAAM,CAoCL,KAAK,CAAC,MAAM;YApCb,MAAM,CAqCL,OAAO,CAAC,EAAE;;;YApCT,IAAI,QAAC,QAAQ;;YAAb,IAAI,CACD,QAAQ,CAAC,EAAE;YADd,IAAI,CAED,UAAU,CAAC,UAAU,CAAC,IAAI;YAF7B,IAAI,CAGD,KAAK,CAAC,MAAM;;QAHf,IAAI;;YAIJ,GAAG;;YAAH,GAAG,CAYF,KAAK,CAAC,MAAM;;;YAXX,IAAI,QAAC,gBAAgB;;YAArB,IAAI,CACD,OAAO,CAAC,GAAG;YADd,IAAI,CAED,KAAK,CAAC,KAAK;;QAFd,IAAI;;YAGJ,GAAG,QAAC,EAAC,KAAK,EAAC,CAAC,EAAC;;;;YACX,KAAK;;YAAL,KAAK,CACF,KAAK,CAAC,EAAE;YADX,KAAK,CAEF,WAAW,CAAC,CAAC;;;YAChB,KAAK;;YAAL,KAAK,CACF,KAAK,CAAC,EAAE;;QALb,GAAG;QAJL,GAAG;;YAcH,GAAG,QAAC,EAAC,KAAK,EAAC,EAAE,EAAC;;YAAd,GAAG,CAaF,KAAK,CAAC,MAAM;;;YAZX,IAAI,QAAC,UAAU;;YAAf,IAAI,CACD,QAAQ,CAAC,EAAE;YADd,IAAI,CAED,WAAW,CAAC,GAAG;YAFlB,IAAI,CAGD,YAAY,CAAC,EAAE;YAHlB,IAAI,CAID,OAAO,CAAC,CAAC;YAJZ,IAAI,CAKD,OAAO,CAAC,GAAG;;QALd,IAAI;;YAMJ,KAAK;;YAAL,KAAK,CACF,WAAW,CAAC,CAAC;YADhB,KAAK,CAEF,KAAK,CAAC,EAAE;;QATb,GAAG;QAnBL,MAAM;QARR,GAAG;KAmDJ;;;;;MAII,MAAM;IADb;;;;;;;KAFC;;;;;;;;;;;IAIC;;YACE,GAAG;;YAAH,GAAG,CAYF,OAAO,CAAC,EAAE;YAZX,GAAG,CAaF,KAAK,CAAC,MAAM;YAbb,GAAG,CAcF,cAAc,CAAC,SAAS,CAAC,YAAY;;;YAbpC,GAAG,QAAC,EAAC,KAAK,EAAC,EAAE,EAAC;;;;YACZ,KAAK;;YAAL,KAAK,CACF,WAAW,CAAC,CAAC;YADhB,KAAK,CAEF,KAAK,CAAC,EAAE;;;YACX,IAAI,QAAC,IAAI;;YAAT,IAAI,CACD,QAAQ,CAAC,EAAE;;QADd,IAAI;QAJN,GAAG;;YAQH,KAAK;;YAAL,KAAK,CACF,KAAK,CAAC,EAAE;;QAVb,GAAG;KAeJ",
    "entry-package-info": "entry|1.0.0"
  },
  "entry|entry|1.0.0|src/main/ets/components/PreviewImage.ts": {
    "version": 3,
    "file": "PreviewImage.ets",
    "sourceRoot": "",
    "sources": [
      "entry/src/main/ets/components/PreviewImage.ets"
    ],
    "names": [],
    "mappings": ";;;;IAIE,UAAU,GAAC,sBAAsB;IACjC,GAAG,GAAE,WAAW;IAChB,IAAI,GAAE,eAAe;;OANhB,EAAE,eAAe,EAAE;MAGnB,YAAY;IADnB;;;;;;mBAGqB,EAAE,CAAC,YAAY;;oBACV,eAAe,CAAC,KAAK;;;KANA;;;;;;;;;;;;;;;;;;;;IAI7C,oBAAW,sBAAsB,CAAA;;aAAjC,UAAU;;IACV,aAAK,WAAW,CAAK,CAAC,YAAY;IAClC,cAAM,eAAe,CAAwB;IAC7C;;YACE,MAAM;;YAAN,MAAM,CAeL,KAAK,CAAC,MAAM;YAfb,MAAM,CAgBL,MAAM,CAAC,MAAM;YAhBd,MAAM,CAiBL,eAAe,CAAC,KAAK,CAAC,KAAK;YAjB5B,MAAM,CAkBL,cAAc,CAAC,SAAS,CAAC,MAAM;YAlBhC,MAAM,CAmBL,OAAO,CAAC,GAAE,EAAE;gBACX,IAAI,CAAC,UAAU,CAAC,KAAK,EAAE,CAAA;YACzB,CAAC;;;;YApBC,IAAI,IAAI,CAAC,IAAI,KAAK,eAAe,CAAC,KAAK,EAAE;;;wBACvC,KAAK,QAAC,IAAI,CAAC,GAAG;;wBAAd,KAAK,CACF,KAAK,CAAC,MAAM;;;aAChB;iBAAK,IAAG,IAAI,CAAC,IAAI,KAAK,eAAe,CAAC,KAAK,EAAE;;;wBAC5C,KAAK,QAAC;4BACJ,GAAG,EAAE,IAAI,CAAC,GAAG;yBACd;;wBAFD,KAAK,CAGF,IAAI,CAAC,IAAI;wBAHZ,KAAK,CAIF,QAAQ,CAAC,IAAI;wBAJhB,KAAK,CAKF,QAAQ,CAAC,KAAK;wBALjB,KAAK,CAMF,KAAK,CAAC,MAAM;wBANf,KAAK,CAOF,MAAM,CAAC,MAAM;;;aACjB;;;;aAAA;;;QAbH,MAAM;KAsBP;;;;;AAGH,eAAe,YAAY,CAAA",
    "entry-package-info": "entry|1.0.0"
  },
  "entry|entry|1.0.0|src/main/ets/components/VoiceInputs.ts": {
    "version": 3,
    "file": "VoiceInputs.ets",
    "sourceRoot": "",
    "sources": [
      "entry/src/main/ets/components/VoiceInputs.ets"
    ],
    "names": [],
    "mappings": ";;;;IAMW,WAAW,GAAE,eAAe,CAAC,0CAA0C;;;OAN3E,EAAE,eAAe,EAAE;MAInB,WAAW;IADlB;;;;;;;;KAHqD;;;;;;;;;;;;;IAMnD,kDAAsB,eAAe,EAAA,CAAC,0CAA0C;QAAvE,WAAW;;;QAAX,WAAW,WAAE,eAAe,CAAC,0CAA0C;;;;IAGhF,iBAAiB;;;YACf,IAAI,IAAI,CAAC,WAAW,KAAK,eAAe,CAAC,MAAM,EAAE;;;wBAC/C,GAAG;;wBAAH,GAAG,CAGA,KAAK,CAAC,GAAG;wBAHZ,GAAG,CAIA,MAAM,CAAC,EAAE;wBAJZ,GAAG,CAKA,YAAY,CAAC,EAAE;wBALlB,GAAG,CAMA,eAAe;wBANlB,GAAG,CAOA,MAAM,CAAC;4BACN,IAAI,EAAE,EAAE;yBACT;;oBATH,GAAG;;aAUJ;;;;aAAA;;;;;YACD,IAAI,IAAI,CAAC,WAAW,KAAK,eAAe,CAAC,SAAS,EAAE;;;wBAClD,GAAG;;wBAAH,GAAG,CAGF,KAAK,CAAC,GAAG;wBAHV,GAAG,CAIF,MAAM,CAAC,EAAE;wBAJV,GAAG,CAKF,YAAY,CAAC,EAAE;wBALhB,GAAG,CAMF,eAAe;;oBANhB,GAAG;;aAOJ;;;;aAAA;;;;;YAED,IAAI,IAAI,CAAC,WAAW,KAAK,eAAe,CAAC,QAAQ,EAAE;;;wBACjD,GAAG;;wBAAH,GAAG,CAGF,KAAK,CAAC,GAAG;wBAHV,GAAG,CAIF,MAAM,CAAC,GAAG;wBAJX,GAAG,CAKF,YAAY,CAAC,EAAE;wBALhB,GAAG,CAMF,eAAe;;oBANhB,GAAG;;aAOJ;;;;aAAA;;;KACF;IAED;;YACE,KAAK,QAAC,EAAC,YAAY,EAAE,SAAS,CAAC,MAAM,EAAC;;YAAtC,KAAK,CA6EJ,MAAM,CAAC,MAAM;YA7Ed,KAAK,CA8EJ,eAAe;;;YA7Ed,MAAM;;YAAN,MAAM,CAGL,KAAK,CAAC,MAAM;YAHb,MAAM,CAIL,MAAM,CAAC,MAAM;YAJd,MAAM,CAKL,cAAc,CAAC,SAAS,CAAC,MAAM;YALhC,MAAM,CAML,UAAU,CAAC,IAAI,CAAC,WAAW,KAAK,eAAe,CAAC,MAAM,CAAC,CAAC,CAAC,eAAe,CAAC,KAAK,CAAC,CAAC,CAAC,eAAe,CAAC,MAAM;;QALtG,IAAI,CAAC,iBAAiB,aAAE,CAAC,aAAa;;QADxC,MAAM;;YAQN,MAAM;YACN,MAAM;;;;YACJ,SAAS;YACT,GAAG;;YADH,SAAS;YACT,GAAG,CAuCF,KAAK,CAAC,MAAM;YAxCb,SAAS;YACT,GAAG,CAwCF,cAAc,CAAC,SAAS,CAAC,YAAY;YAzCtC,SAAS;YACT,GAAG,CAyCF,OAAO,CAAC;gBACP,IAAI,EAAE,EAAE;gBACR,KAAK,EAAE,EAAE;aACV;YA7CD,SAAS;YACT,GAAG,CA6CF,MAAM,CAAC;gBACN,MAAM,EAAE,EAAE;aACX;;;YA9CC,GAAG;;YAAH,GAAG,CAMF,KAAK,CAAC,EAAE;YANT,GAAG,CAOF,MAAM,CAAC,EAAE;YAPV,GAAG,CAQF,YAAY,CAAC,EAAE;YARhB,GAAG,CASF,cAAc,CAAC,SAAS,CAAC,MAAM;YAThC,GAAG,CAUF,eAAe,CAAC,IAAI,CAAC,WAAW,KAAK,eAAe,CAAC,MAAM,CAAC,CAAC,0GAA8B,CAAC,yGAAkC;YAV/H,GAAG,CAWF,MAAM,CAAC;gBACN,KAAK,EAAE,CAAC,EAAE;aACX;YAbD,GAAG,CAcF,KAAK,CAAC;gBACL,CAAC,EAAE,IAAI,CAAC,WAAW,KAAK,eAAe,CAAC,MAAM,CAAC,CAAC,CAAC,GAAG,CAAA,CAAC,CAAA,CAAC;gBACtD,CAAC,EAAE,IAAI,CAAC,WAAW,KAAK,eAAe,CAAC,MAAM,CAAC,CAAC,CAAC,GAAG,CAAA,CAAC,CAAA,CAAC;aACvD;;;YAhBC,KAAK;;YAAL,KAAK,CACF,KAAK,CAAC,EAAE;YADX,KAAK,CAEF,MAAM,CAAC,EAAE;YAFZ,KAAK,CAGF,SAAS,CAAC,IAAI,CAAC,WAAW,KAAK,eAAe,CAAC,MAAM,CAAC,CAAC,0GAA8B,CAAC,yGAAuC;;QAJlI,GAAG;;YAmBH,GAAG;;YAAH,GAAG,CAMF,eAAe,CAAC,IAAI,CAAC,WAAW,KAAK,eAAe,CAAC,QAAQ,CAAC,CAAC,0GAA8B,CAAC,yGAAkC;YANjI,GAAG,CAOF,KAAK,CAAC,EAAE;YAPT,GAAG,CAQF,MAAM,CAAC,EAAE;YARV,GAAG,CASF,YAAY,CAAC,EAAE;YAThB,GAAG,CAUF,cAAc,CAAC,SAAS,CAAC,MAAM;YAVhC,GAAG,CAWF,MAAM,CAAC;gBACN,KAAK,EAAE,EAAE;aACV;YAbD,GAAG,CAcF,KAAK,CAAC;gBACL,CAAC,EAAE,IAAI,CAAC,WAAW,KAAK,eAAe,CAAC,QAAQ,CAAC,CAAC,CAAC,GAAG,CAAA,CAAC,CAAA,CAAC;gBACxD,CAAC,EAAE,IAAI,CAAC,WAAW,KAAK,eAAe,CAAC,QAAQ,CAAC,CAAC,CAAC,GAAG,CAAA,CAAC,CAAA,CAAC;aACzD;;;YAhBC,IAAI,QAAC,GAAG;;YAAR,IAAI,CACD,QAAQ,CAAC,EAAE;YADd,IAAI,CAED,SAAS,CAAC,SAAS,CAAC,MAAM;YAF7B,IAAI,CAGD,SAAS,CAAC,IAAI,CAAC,WAAW,KAAK,eAAe,CAAC,QAAQ,CAAC,CAAC,0GAA8B,CAAC,yGAAuC;;QAHlI,IAAI;QADN,GAAG;QArBL,SAAS;QACT,GAAG;;YAiDH,KAAK;;YAAL,KAAK,CAaJ,KAAK,CAAC,MAAM;;;YAZX,KAAK;;YAAL,KAAK,CACF,KAAK,CAAC,MAAM;YADf,KAAK,CAEF,MAAM,CAAC,GAAG;YAFb,KAAK,CAGF,SAAS,CAAC,IAAI,CAAC,WAAW,KAAK,eAAe,CAAC,SAAS,CAAC,CAAC,0GAA8B,CAAC,yGAA6B;YAHzH,KAAK,CAIF,KAAK,CAAC;gBACL,CAAC,EAAC,GAAG;aACN;;;YACH,KAAK;;YAAL,KAAK,CACF,KAAK,CAAC,EAAE;YADX,KAAK,CAEF,MAAM,CAAC,EAAE;YAFZ,KAAK,CAGF,SAAS,CAAC,IAAI,CAAC,WAAW,KAAK,eAAe,CAAC,SAAS,CAAC,CAAC,0GAAoC,CAAC,yGAAmC;;QAXvI,KAAK;QApDP,MAAM;QACN,MAAM;QAVR,KAAK;KA+EN;;;;;AAGH,eAAgB,WAAW,CAAA",
    "entry-package-info": "entry|1.0.0"
  },
  "entry|entry|1.0.0|src/main/ets/models/ai.ts": {
    "version": 3,
    "file": "ai.ets",
    "sourceRoot": "",
    "sources": [
      "entry/src/main/ets/models/ai.ets"
    ],
    "names": [],
    "mappings": "AACA,MAAM,WAAW,SAAS;IAExB,YAAY,EAAE,MAAM,CAAC;IACrB,UAAU,EAAE,MAAM,CAAC;IACnB,iBAAiB,EAAE,MAAM,CAAC;CAC3B;AAGD,MAAM,OAAO,OAAO;IAClB,QAAQ,EAAE,UAAU,EAAE,CAAC;IACvB,MAAM,EAAE,MAAM,CAAC;IACf,oCAAoC;IACpC,0CAA0C;IAE1C,YAAY,QAAQ,EAAE,UAAU,EAAE,EAAE,MAAM,EAAE,MAAM;QAChD,IAAI,CAAC,QAAQ,GAAG,QAAQ,CAAC;QACzB,IAAI,CAAC,MAAM,GAAG,MAAM,CAAC;IACvB,CAAC;CAEF;AAED,MAAM,OAAO,UAAU;IACrB,IAAI,EAAE,MAAM,CAAC,CAAE,OAAO;IACtB,OAAO,EAAE,MAAM,CAAC,CAAE,QAAQ;IAE1B,YAAY,IAAI,EAAE,MAAM,EAAE,OAAO,EAAE,MAAM;QACvC,IAAI,CAAC,IAAI,GAAG,IAAI,CAAC;QACjB,IAAI,CAAC,OAAO,GAAG,OAAO,CAAC;IACzB,CAAC;CAGF;AAED,MAAM,WAAW,WAAW;IAC1B,kBAAkB;IAClB,MAAM,EAAE,MAAM,CAAC;CAChB",
    "entry-package-info": "entry|1.0.0"
  },
  "entry|entry|1.0.0|src/main/ets/models/me.ts": {
    "version": 3,
    "file": "me.ets",
    "sourceRoot": "",
    "sources": [
      "entry/src/main/ets/models/me.ets"
    ],
    "names": [],
    "mappings": "AAAA,MAAM,OAAO,WAAW;IACtB,EAAE,EAAE,MAAM,GAAG,EAAE,CAAA,CAAC,MAAM;IACtB,EAAE,EAAE,WAAW,GAAG,EAAE,CAAA,CAAC,MAAM;IAC3B,EAAE,EAAE,MAAM,GAAG,EAAE,CAAA,CAAC,MAAM;IAEtB,MAAM,CAAC,MAAM,CAAC,MAAM,IAAI,WAAW,EAAE;QACnC,IAAI,IAAI,EAAE,WAAW,EAAE,GAAG,CAAC;gBACzB,EAAE,EAAE,IAAI;gBACR,EAAE,0GAAuB;gBACzB,EAAE,EAAE,GAAG;aACR,EAAC;gBACA,EAAE,EAAE,KAAK;gBACT,EAAE,0GAAwB;gBAC1B,EAAE,EAAE,GAAG;aACR,EAAC;gBACA,EAAE,EAAE,IAAI;gBACR,EAAE,0GAAuB;gBACzB,EAAE,EAAE,GAAG;aACR,EAAC;gBACA,EAAE,EAAE,IAAI;gBACR,EAAE,0GAAuB;gBACzB,EAAE,EAAE,GAAG;aACR,CAAC,CAAA;QACF,OAAO,IAAI,CAAA;IACb,CAAC;CACF",
    "entry-package-info": "entry|1.0.0"
  },
  "entry|entry|1.0.0|src/main/ets/models/msg.ts": {
    "version": 3,
    "file": "msg.ets",
    "sourceRoot": "",
    "sources": [
      "entry/src/main/ets/models/msg.ets"
    ],
    "names": [],
    "mappings": "cAAS,SAAS,QAAQ,SAAS;;AAGnC,MAAM,MAAM,eAAe;IACzB,IAAI,GAAE,KAAK;MAAP;IACJ,KAAK,GAAE,KAAK;MAAP;IACL,KAAK,GAAE,KAAK;MAAP;IACL,KAAK,GAAE,KAAK;MAAP;IACL,QAAQ,GAAE,KAAK;MAAP;IACR,IAAI,IAAA,CAAC,KAAK;CACX;AAED,MAAM,WAAW,gBAAgB;IAC/B,EAAE,EAAE,MAAM,CAAA;IACV,QAAQ,EAAE,SAAS,CAAA,CAAC,SAAS;IAC7B,WAAW,EAAE,SAAS,CAAA,CAAC,MAAM;IAC7B,cAAc,EAAE,MAAM,CAAA,CAAC,OAAO;IAC9B,QAAQ,EAAC,MAAM,CAAA,CAAC,OAAO;IACvB,WAAW,EAAC,eAAe,CAAA,CAAC,MAAM;IAClC,cAAc,EAAC,MAAM,CAAA,CAAC,gBAAgB;IACtC,cAAc,EAAC,MAAM,CAAA,CAAC,iBAAiB;CACxC;AAED,MAAM,OAAO,YAAa,YAAW,gBAAgB;IACnD,EAAE,EAAE,MAAM,CAAA;IACV,QAAQ,EAAE,SAAS,CAAA,CAAC,SAAS;IAC7B,WAAW,EAAE,SAAS,CAAA,CAAC,MAAM;IAC7B,cAAc,EAAE,MAAM,CAAA,CAAC,OAAO;IAC9B,QAAQ,EAAC,MAAM,CAAA,CAAC,gBAAgB;IAChC,WAAW,EAAC,eAAe,CAAA,CAAC,MAAM;IAClC,cAAc,EAAC,MAAM,CAAA,CAAC,gBAAgB;IACtC,cAAc,EAAC,MAAM,CAAA,CAAC,iBAAiB;IAEvC,YAAY,KAAK,EAAE,gBAAgB;QACjC,IAAI,CAAC,EAAE,GAAG,KAAK,CAAC,EAAE,IAAI,IAAI,CAAC,kBAAkB,EAAE,CAAA,CAAC,sBAAsB;QACtE,IAAI,CAAC,QAAQ,GAAG,KAAK,CAAC,QAAQ,CAAA;QAC9B,IAAI,CAAC,WAAW,GAAG,KAAK,CAAC,WAAW,CAAA;QACpC,IAAI,CAAC,cAAc,GAAG,KAAK,CAAC,cAAc,CAAA;QAC1C,IAAI,CAAC,QAAQ,GAAG,KAAK,CAAC,QAAQ,IAAI,IAAI,CAAC,GAAG,EAAE,CAAA,CAAC,iBAAiB;QAC9D,IAAI,CAAC,WAAW,GAAG,KAAK,CAAC,WAAW,IAAI,eAAe,CAAC,IAAI,CAAA,CAAE,YAAY;QAC1E,IAAI,CAAC,cAAc,GAAG,KAAK,CAAC,cAAc,CAAA;QAC1C,IAAI,CAAC,cAAc,GAAG,KAAK,CAAC,cAAc,CAAA;IAC5C,CAAC;CAEF",
    "entry-package-info": "entry|1.0.0"
  },
  "entry|entry|1.0.0|src/main/ets/models/PopupMenu.ts": {
    "version": 3,
    "file": "PopupMenu.ets",
    "sourceRoot": "",
    "sources": [
      "entry/src/main/ets/models/PopupMenu.ets"
    ],
    "names": [],
    "mappings": "AAAA,MAAM,OAAO,SAAS;IACpB,KAAK,EAAE,MAAM,GAAG,EAAE,CAAA;IAClB,IAAI,EAAE,WAAW,GAAG,EAAE,CAAA;IACtB,SAAS,CAAC,EAAE,MAAM,IAAI,CAAA;IAEtB,YAAY,KAAK,EAAE,MAAM,EAAE,IAAI,EAAE,WAAW,EAAE,SAAS,CAAC,EAAE,MAAM,IAAI;QAClE,IAAI,CAAC,KAAK,GAAG,KAAK,CAAA;QAClB,IAAI,CAAC,IAAI,GAAG,IAAI,CAAA;QAChB,IAAI,CAAC,SAAS,GAAG,SAAS,CAAA;IAC5B,CAAC;CACF",
    "entry-package-info": "entry|1.0.0"
  },
  "entry|entry|1.0.0|src/main/ets/models/tabs.ts": {
    "version": 3,
    "file": "tabs.ets",
    "sourceRoot": "",
    "sources": [
      "entry/src/main/ets/models/tabs.ets"
    ],
    "names": [],
    "mappings": "AACA,MAAM,OAAO,iBAAiB;IAC5B;;OAEG;IACH,KAAK,EAAE,MAAM,GAAG,EAAE,CAAA;IAClB,IAAI,EAAE,MAAM,GAAG,EAAE,CAAA;IACjB,IAAI,EAAE,WAAW,GAAG,EAAE,CAAA;IACtB,UAAU,EAAE,WAAW,GAAG,EAAE,CAAA;IAE5B,MAAM,CAAC,QAAQ,IAAI,iBAAiB,EAAE;QACpC;;;;WAIG;QAEH,IAAI,IAAI,EAAE,iBAAiB,EAAE,GAAG,CAAC;gBAC/B,IAAI,0GAAmC;gBACvC,IAAI,EAAE,MAAM;gBACZ,KAAK,EAAE,IAAI;gBACX,UAAU,0GAA0C;aACrD,EAAC;gBACA,IAAI,0GAA0C;gBAC9C,IAAI,EAAE,SAAS;gBACf,KAAK,EAAE,KAAK;gBACZ,UAAU,0GAAiD;aAC5D,EAAC;gBACA,IAAI,0GAAqC;gBACzC,IAAI,EAAE,OAAO;gBACb,KAAK,EAAE,IAAI;gBACX,UAAU,0GAA4C;aACvD,EAAC;gBACA,IAAI,0GAAoC;gBACxC,IAAI,EAAE,IAAI;gBACV,KAAK,EAAE,IAAI;gBACX,UAAU,0GAA2C;aACtD,CAAC,CAAA;QACF,OAAO,IAAI,CAAA;IACb,CAAC;CACF",
    "entry-package-info": "entry|1.0.0"
  },
  "entry|entry|1.0.0|src/main/ets/models/voiceEnum.ts": {
    "version": 3,
    "file": "voiceEnum.ets",
    "sourceRoot": "",
    "sources": [
      "entry/src/main/ets/models/voiceEnum.ets"
    ],
    "names": [],
    "mappings": "AAAA,MAAM,MAAM,eAAe;IACzB,MAAM,IAAA;IACN,SAAS,IAAA;IACT,QAAQ,IAAA;CACT",
    "entry-package-info": "entry|1.0.0"
  },
  "entry|entry|1.0.0|src/main/ets/pages/chat/Chat.ts": {
    "version": 3,
    "file": "Chat.ets",
    "sourceRoot": "",
    "sources": [
      "entry/src/main/ets/pages/chat/Chat.ets"
    ],
    "names": [],
    "mappings": ";;;;IAe2C,KAAK,GAAE,MAAM;IAE/C,WAAW,GAAE,SAAS;IAC7B,WAAW,GAAE,SAAS;IAEf,WAAW,GAAE,YAAY,EAAE;IAE3B,iBAAiB,GAAE,OAAO;IAEjC,QAAQ,GAAE,QAAQ;IAElB,WAAW,GAAE,eAAe;IAC5B,UAAU,GAAE,WAAW;IACvB,iBAAiB,GAAE,sBAAsB;;;OA3BpC,YAAY;OACZ,aAAa;OACb,YAAY;OACZ,EAAE,UAAU,EAAe;cAAb,WAAW;OACzB,EAAoB,YAAY,EAAE,eAAe,EAAE;cAAjD,gBAAgB;OAClB,EAAE,SAAS,EAAE;OACb,EAAE,eAAe,EAAE;OACnB,EAAE,gBAAgB,EAAE;OACpB,EAAE,aAAa,EAAE;OACjB,EAAE,cAAc,EAAE;MAIlB,IAAI;IAFX;;;;;8CAGe,eAAe,CAAC,UAAU,EAAkB,EAAE;0DAE3B,IAAI,SAAS,EAAE,CAAC,YAAY;;2BACnC,SAAS,CAAC,cAAc,EAAE,CAAC,YAAY;;0DAE3B,EAAE,CAAC,aAAa;;gEAEjB,KAAK,CAAC,gBAAgB;;wBAErC,IAAI,QAAQ,EAAE;2BAEJ,eAAe,CAAC,KAAK;0BAC1B,EAAE;qCACoB,sBAAsB;YACpE,OAAO;mCAAE,YAAY,OAAC;oBACpB,GAAG,EAAE,IAAI,CAAC,UAAU;oBACpB,IAAI,EAAE,IAAI,CAAC,WAAW;iBACvB;4CAJH,iBAAiB;;;;wBAEb,GAAG,EAAE,IAAI,CAAC,UAAU;wBACpB,IAAI,EAAE,IAAI,CAAC,WAAW;;;;aACtB;YACF,UAAU,EAAE,KAAK;YACjB,WAAW,EAAE,IAAI;;;;KAxB+B;;;;;;;;;;;;;;;;;;;;;;;;;;;;;;;;;;;;;;;;;;;IAKlD,4CAAgD,MAAM,EAAK;QAAlB,KAAK;;;QAAL,KAAK,WAAE,MAAM;;;IAEtD,gDAAoB,SAAS,EAAkB,CAAC,YAAY;QAArD,WAAW;;;QAAX,WAAW,WAAE,SAAS;;;IAC7B,qBAAa,SAAS,CAA6B,CAAC,YAAY;IAEhE,gDAAoB,YAAY,EAAE,EAAK,CAAC,aAAa;QAA9C,WAAW;;;QAAX,WAAW,WAAE,YAAY,EAAE;;;IAElC,sDAA0B,OAAO,EAAQ,CAAC,gBAAgB;QAAnD,iBAAiB;;;QAAjB,iBAAiB,WAAE,OAAO;;;IAEjC,kBAAU,QAAQ,CAAiB;IAEnC,qBAAa,eAAe,CAAwB;IACpD,oBAAY,WAAW,CAAK;IAC5B,2BAAmB,sBAAsB,CAOvC;IAEF,WAAW;IACX,KAAK,CAAC,aAAa,CAAC,KAAK,EAAE,MAAM;QAC/B,IAAI,KAAK,GAAG,IAAI,CAAC,WAAW,CAAC,SAAS,CAAC,GAAG,CAAC,EAAE,CAAC,GAAG,CAAC,EAAE,KAAK,KAAK,CAAC,CAAA;QAC/D,MAAM,eAAe,CAAC,iBAAiB,CAAC,IAAI,CAAC,WAAW,CAAC,EAAE,EAAE,KAAK,CAAC,CAAA;QACnE,IAAI,CAAC,WAAW,CAAC,MAAM,CAAC,KAAK,EAAE,CAAC,CAAC,CAAA,CAAC,WAAW;IAC/C,CAAC;IAED,+BAA+B;IAC/B,KAAK,CAAC,eAAe,CAAC,WAAW,EAAE,MAAM;QACvC,IAAI,OAAO,GAAG,IAAI,YAAY,CAAC;YAC7B,oBAAoB;YACpB,cAAc,EAAE,WAAW;YAC3B,QAAQ,EAAE,IAAI,CAAC,WAAW;YAC1B,WAAW,EAAE,IAAI,CAAC,WAAW;SAC9B,IAAI,gBAAgB,CAAC,CAAA;QAEtB,QAAQ;QACR,IAAI,CAAC,WAAW,CAAC,IAAI,CAAC,OAAO,CAAC,CAAA,CAAA,+BAA+B;QAC7D,cAAc;QACd,aAAa,CAAC,IAAI,CAAC,MAAM,CAAC,CAAA;QAC1B,MAAM,eAAe,CAAC,cAAc,CAAC,IAAI,CAAC,WAAW,CAAC,EAAE,EAAC,OAAO,CAAC,CAAA,CAAA,UAAU;QAC3E,IAAI,CAAC,iBAAiB,GAAG,IAAI,CAAA;QAC7B,IAAI,CAAC,QAAQ,CAAC,UAAU,CAAC,IAAI,CAAC,MAAM,CAAC,CAAA,CAAA,kBAAkB;QACvD,IAAI,CAAC,YAAY,CAAC,OAAO,CAAC,cAAc,CAAC,CAAA;IAC3C,CAAC;IAED,+BAA+B;IAC/B,KAAK,CAAC,gBAAgB,CAAC,OAAO,EAAE,YAAY;QAC1C,QAAQ;QACR,IAAI,CAAC,WAAW,CAAC,IAAI,CAAC,OAAO,CAAC,CAAA,CAAA,2BAA2B;QACzD,aAAa,CAAC,IAAI,CAAC,MAAM,CAAC,CAAA;QAC1B,MAAM,eAAe,CAAC,cAAc,CAAC,IAAI,CAAC,WAAW,CAAC,EAAE,EAAC,OAAO,CAAC,CAAA,CAAA,UAAU;QAC3E,IAAI,CAAC,QAAQ,CAAC,UAAU,CAAC,IAAI,CAAC,MAAM,CAAC,CAAA,CAAA,kBAAkB;IACzD,CAAC;IAED,+BAA+B;IAC/B,KAAK,CAAC,gBAAgB,CAAC,IAAI,EAAE,YAAY,EAAE;QACzC,QAAQ;QACR,IAAI,CAAC,WAAW,CAAC,IAAI,CAAC,GAAG,IAAI,CAAC,CAAA,CAAA,2BAA2B;QACzD,aAAa,CAAC,IAAI,CAAC,MAAM,CAAC,CAAA;QAC1B,IAAI,CAAC,OAAO,CAAC,KAAK,EAAC,IAAI,EAAA,EAAE;YACvB,MAAM,eAAe,CAAC,cAAc,CAAC,IAAI,CAAC,WAAW,CAAC,EAAE,EAAE,IAAI,CAAC,CAAA,CAAA,UAAU;QAC3E,CAAC,CAAC,CAAA;QACF,IAAI,CAAC,QAAQ,CAAC,UAAU,CAAC,IAAI,CAAC,MAAM,CAAC,CAAA,CAAA,kBAAkB;IACzD,CAAC;IAED,KAAK,CAAC,YAAY,CAAC,GAAG,EAAE,MAAM;QAC5B,UAAU;QACV,MAAM,IAAI,GAAG,IAAI,UAAU,CAAC,MAAM,EAAE,GAAG,CAAC,CAAA;QACxC,MAAM,MAAM,EAAE,WAAW,GAAG,MAAM,cAAc,CAAC,IAAI,EAAE,IAAI,CAAC,KAAK,CAAC,CAAA;QAClE,8BAA8B;QAC9B,IAAI,OAAO,EAAE,YAAY,GAAG,IAAI,YAAY,CAAC;YAC3C,cAAc,EAAE,MAAM,CAAC,MAAM;YAC7B,QAAQ,EAAE,IAAI,CAAC,WAAW;YAC1B,WAAW,EAAE,IAAI,CAAC,WAAW;SAC9B,IAAI,gBAAgB,CAAC,CAAA;QAEtB,IAAI,CAAC,WAAW,CAAC,IAAI,CAAC,OAAO,CAAC,CAAA;QAC9B,mBAAmB;QACnB,aAAa,CAAC,IAAI,CAAC,aAAa,CAAC,CAAA;QACjC,MAAM,eAAe,CAAC,cAAc,CAAC,IAAI,CAAC,WAAW,CAAC,EAAE,EAAC,OAAO,CAAC,CAAA,CAAA,UAAU;QAC3E,IAAI,CAAC,QAAQ,CAAC,UAAU,CAAC,IAAI,CAAC,MAAM,CAAC,CAAA,CAAA,sBAAsB;QAE3D,gBAAgB;QAChB,IAAI,CAAC,iBAAiB,GAAG,KAAK,CAAA;IAChC,CAAC;IAED,aAAa,IAAI,IAAI;QACnB,uCAAuC;QACvC,IAAI,CAAC,WAAW,GAAG,MAAM,CAAC,SAAS,EAAE,IAAI,SAAS,CAAA;QAElD,qBAAqB;QACrB,IAAI,CAAC,WAAW,GAAG,eAAe,CAAC,cAAc,CAAC,IAAI,CAAC,WAAW,CAAC,EAAE,CAAC,CAAA;QAEtE,QAAQ;QACR,gBAAgB,CAAC,IAAI,EAAE,CAAA;IAEzB,CAAC;IAED,gBAAgB,IAAI,IAAI;QACtB,gBAAgB,CAAC,OAAO,EAAE,CAAA;IAC5B,CAAC;IAED;;YACE,MAAM;;YAAN,MAAM,CA8DL,MAAM,CAAC,MAAM;;;YA7DZ,OAAO;YACP,GAAG;;YADH,OAAO;YACP,GAAG,CAiBF,OAAO,CAAC;gBACP,IAAI,EAAE,EAAE;gBACR,KAAK,EAAE,EAAE;aACV;;;YAnBC,KAAK,QAAC,EAAE,YAAY,EAAE,SAAS,CAAC,KAAK,EAAE;;YAAvC,KAAK,CAcJ,MAAM,CAAC,EAAE;;;YAbR,KAAK;;YAAL,KAAK,CACF,KAAK,CAAC,EAAE;YADX,KAAK,CAEF,MAAM,CAAC,EAAE;YAFZ,KAAK,CAGF,OAAO,CAAC,GAAG,EAAE;gBACZ,MAAM,CAAC,IAAI,EAAE,CAAA,CAAC,iBAAiB;YACjC,CAAC;;;YAEH,IAAI,QAAC,IAAI,CAAC,iBAAiB,CAAC,CAAC,CAAC,WAAW,CAAA,CAAC,CAAA,IAAI,CAAC,WAAW,CAAC,QAAQ;;YAAnE,IAAI,CACD,KAAK,CAAC,MAAM;YADf,IAAI,CAED,SAAS,CAAC,SAAS,CAAC,MAAM;YAF7B,IAAI,CAGD,QAAQ,CAAC,EAAE;YAHd,IAAI,CAID,SAAS;;QAJZ,IAAI;QARN,KAAK;QAFP,OAAO;QACP,GAAG;;YAsBH,iBAAiB;YACjB,IAAI,QAAC,EAAE,KAAK,EAAE,EAAE,EAAE,QAAQ,EAAE,IAAI,CAAC,QAAQ,EAAC;;YAD1C,iBAAiB;YACjB,IAAI,CAaH,YAAY,CAAC,CAAC;YAdf,iBAAiB;YACjB,IAAI,CAcH,KAAK,CAAC,MAAM;YAfb,iBAAiB;YACjB,IAAI,CAeH,OAAO,CAAC;gBACP,GAAG,EAAE,EAAE;gBACP,MAAM,EAAE,EAAE;aACX;YAnBD,iBAAiB;YACjB,IAAI,CAmBH,eAAe;;;YAlBd,OAAO;;;;;;;;4BACL,QAAQ;;;;;;;;;;;;;4DACN,aAAa,OAAC,EAAE,IAAI,EAAE,IAAI,EAAE,UAAU,EAAE,CAAC,KAAK,EAAE,MAAM,EAAE,EAAE,GAAC,IAAI,CAAC,aAAa,CAAC,KAAK,CAAC,CAAA,CAAA,CAAC;wCACrF,YAAY,EAAE,GAAE,EAAE;4CAChB,IAAI,CAAC,WAAW,GAAG,IAAI,CAAC,WAAW,CAAA;4CACnC,IAAI,CAAC,UAAU,GAAG,SAAS,GAAE,IAAI,CAAC,cAAc,CAAA;4CAChD,IAAI,CAAC,iBAAiB,CAAC,IAAI,EAAE,CAAA,CAAC,MAAM;wCACtC,CAAC;qCACA;;;;4CANe,IAAI,EAAE,IAAI;4CAAE,UAAU,EAAE,CAAC,KAAK,EAAE,MAAM,EAAE,EAAE,GAAC,IAAI,CAAC,aAAa,CAAC,KAAK,CAAC,CAAA,CAAA,CAAC;4CACrF,YAAY,EAAE,GAAE,EAAE;gDAChB,IAAI,CAAC,WAAW,GAAG,IAAI,CAAC,WAAW,CAAA;gDACnC,IAAI,CAAC,UAAU,GAAG,SAAS,GAAE,IAAI,CAAC,cAAc,CAAA;gDAChD,IAAI,CAAC,iBAAiB,CAAC,IAAI,EAAE,CAAA,CAAC,MAAM;4CACtC,CAAC;;;;;;;;;;wBANH,QAAQ;;;oBAAR,QAAQ;;;+CADF,IAAI,CAAC,WAAW;;QAAxB,OAAO;QAFT,iBAAiB;QACjB,IAAI;;;;4CAqBJ,YAAY,OAAC;wBACX,WAAW,EAAE,IAAI,CAAC,WAAW;wBAC7B,WAAW,EAAE,IAAI,CAAC,WAAW;wBAC7B,iBAAiB,EAAE,CAAC,OAAO,EAAE,MAAM,EAAE,EAAE;4BACrC,IAAI,CAAC,eAAe,CAAC,OAAO,CAAC,CAAA;wBAC/B,CAAC;wBACD,kBAAkB,EAAE,CAAC,GAAG,EAAE,YAAY,EAAE,EAAE;4BACxC,IAAI,CAAC,gBAAgB,CAAC,GAAG,CAAC,CAAA;wBAC5B,CAAC;wBACD,gBAAgB,EAAE,CAAC,IAAI,EAAE,YAAY,EAAE,EAAC,EAAE;4BACxC,IAAI,CAAC,gBAAgB,CAAC,IAAI,CAAC,CAAA;wBAC/B,CAAC;qBACA;;;;4BAXC,WAAW,EAAE,IAAI,CAAC,WAAW;4BAC7B,WAAW,EAAE,IAAI,CAAC,WAAW;4BAC7B,iBAAiB,EAAE,CAAC,OAAO,EAAE,MAAM,EAAE,EAAE;gCACrC,IAAI,CAAC,eAAe,CAAC,OAAO,CAAC,CAAA;4BAC/B,CAAC;4BACD,kBAAkB,EAAE,CAAC,GAAG,EAAE,YAAY,EAAE,EAAE;gCACxC,IAAI,CAAC,gBAAgB,CAAC,GAAG,CAAC,CAAA;4BAC5B,CAAC;4BACD,gBAAgB,EAAE,CAAC,IAAI,EAAE,YAAY,EAAE,EAAC,EAAE;gCACxC,IAAI,CAAC,gBAAgB,CAAC,IAAI,CAAC,CAAA;4BAC/B,CAAC;;;;;;;wBAVC,WAAW,EAAE,IAAI,CAAC,WAAW;wBAC7B,WAAW,EAAE,IAAI,CAAC,WAAW;;;;;QAhDjC,MAAM;KA+DP",
    "entry-package-info": "entry|1.0.0"
  },
  "entry|entry|1.0.0|src/main/ets/utils/AudioRecordUtils.ts": {
    "version": 3,
    "file": "AudioRecordUtils.ets",
    "sourceRoot": "",
    "sources": [
      "entry/src/main/ets/utils/AudioRecordUtils.ets"
    ],
    "names": [],
    "mappings": ";;;OAGO,EAAE,SAAS,EAAE;AAEpB,MAAM,GAAG,GAAG,mBAAmB,CAAC;AAEhC,MAAM,OAAO;IACX,MAAM,CAAC,EAAE,MAAM,CAAC;IAChB,MAAM,CAAC,EAAE,MAAM,CAAC;CACjB;AAED,IAAI,OAAO,GAAG,UAAU,CAAC,IAAI,CAAC,CAAC;AAC/B,IAAI,UAAU,EAAE,MAAM,GAAG,CAAC,CAAC;AAC3B,IAAI,aAAa,EAAE,KAAK,CAAC,aAAa,GAAG,SAAS,GAAG,SAAS,CAAC;AAC/D,IAAI,eAAe,EAAE,KAAK,CAAC,eAAe,GAAG;IAC3C,YAAY,EAAE,KAAK,CAAC,iBAAiB,CAAC,iBAAiB;IACvD,QAAQ,EAAE,KAAK,CAAC,YAAY,CAAC,SAAS;IACtC,YAAY,EAAE,KAAK,CAAC,iBAAiB,CAAC,mBAAmB;IACzD,YAAY,EAAE,KAAK,CAAC,iBAAiB,CAAC,iBAAiB,CAAC,OAAO;CAChE,CAAA;AACD,IAAI,iBAAiB,EAAE,KAAK,CAAC,iBAAiB,GAAG;IAC/C,MAAM,EAAE,KAAK,CAAC,UAAU,CAAC,eAAe;IACxC,aAAa,EAAE,CAAC,CAAC,UAAU;CAC5B,CAAA;AACD,IAAI,oBAAoB,EAAE,KAAK,CAAC,oBAAoB,GAAG;IACrD,UAAU,EAAE,eAAe;IAC3B,YAAY,EAAE,iBAAiB;CAChC,CAAA;AAED,oCAAoC;AACpC,yDAAyD;AACzD,IAAI,IAAI,EAAE,MAAM,CAAC,IAAI,CAAA;AAErB;;;GAGG;AACH,SAAS,QAAQ,CAAC,MAAM,EAAE,MAAM;IAC9B,IAAI,QAAQ,GAAG,SAAS,CAAC,eAAe,CAAC,MAAM,CAAC,CAAA;IAChD,IAAI,GAAG,MAAM,CAAC,QAAQ,CAAC,QAAQ,EAAE,MAAM,CAAC,QAAQ,CAAC,UAAU,CAAC,CAAA;IAC5D,OAAO,QAAQ,CAAA;AACjB,CAAC;AAED,IAAI,gBAAgB,GAAG,CAAC,MAAM,EAAE,WAAW,EAAE,EAAE;IAC7C,IAAI,OAAO,EAAE,OAAO,GAAG;QACrB,MAAM,EAAE,UAAU;QAClB,MAAM,EAAE,MAAM,CAAC,UAAU;KAC1B,CAAA;IACD,MAAM,CAAC,SAAS,CAAC,IAAI,CAAC,EAAE,EAAE,MAAM,EAAE,OAAO,CAAC,CAAC;IAC3C,UAAU,IAAI,MAAM,CAAC,UAAU,CAAC;AAClC,CAAC,CAAA;AAED,kBAAkB;AAClB,SAAS,IAAI;IACX,KAAK,CAAC,mBAAmB,CAAC,oBAAoB,EAAE,CAAC,GAAG,EAAE,QAAQ,EAAE,EAAE;QAChE,IAAI,GAAG,EAAE;YACP,OAAO,CAAC,KAAK,CAAC,8CAA8C,GAAG,CAAC,IAAI,gBAAgB,GAAG,CAAC,OAAO,EAAE,CAAC,CAAC;YACnG,OAAO;SACR;QACD,OAAO,CAAC,IAAI,CAAC,GAAG,GAAG,gCAAgC,CAAC,CAAC;QACrD,aAAa,GAAG,QAAQ,CAAC;QACzB,IAAI,aAAa,KAAK,SAAS,EAAE;YAC/B,CAAC,aAAa,IAAI,KAAK,CAAC,aAAa,CAAC,CAAC,EAAE,CAAC,UAAU,EAAE,gBAAgB,CAAC,CAAC;SACzE;IACH,CAAC,CAAC,CAAC;AACL,CAAC;AAED,WAAW;AACX,SAAS,KAAK;IACZ,IAAI,aAAa,KAAK,SAAS,EAAE;QAC/B,IAAI,UAAU,GAAG,CAAC,KAAK,CAAC,UAAU,CAAC,cAAc,EAAE,KAAK,CAAC,UAAU,CAAC,YAAY,EAAE,KAAK,CAAC,UAAU,CAAC,aAAa,CAAC,CAAC;QAClH,IAAI,UAAU,CAAC,OAAO,CAAC,CAAC,aAAa,IAAI,KAAK,CAAC,aAAa,CAAC,CAAC,KAAK,CAAC,OAAO,EAAE,CAAC,KAAK,CAAC,CAAC,EAAE,EAAE,4DAA4D;YACnJ,OAAO,CAAC,KAAK,CAAC,GAAG,GAAG,gBAAgB,CAAC,CAAC;YACtC,OAAO;SACR;QAED,OAAO;QACP,CAAC,aAAa,IAAI,KAAK,CAAC,aAAa,CAAC,CAAC,KAAK,CAAC,CAAC,GAAG,EAAE,aAAa,EAAE,EAAE;YAClE,IAAI,GAAG,EAAE;gBACP,OAAO,CAAC,KAAK,CAAC,wBAAwB,CAAC,CAAC;aACzC;iBAAM;gBACL,OAAO,CAAC,IAAI,CAAC,yBAAyB,CAAC,CAAC;aACzC;QACH,CAAC,CAAC,CAAC;KACJ;AACH,CAAC;AAED,OAAO;AACP,SAAS,IAAI;IACX,IAAI,aAAa,KAAK,SAAS,EAAE;QAC/B,6CAA6C;QAC7C,IAAI,CAAC,aAAa,IAAI,KAAK,CAAC,aAAa,CAAC,CAAC,KAAK,CAAC,OAAO,EAAE,KAAK,KAAK,CAAC,UAAU,CAAC,aAAa,IAAI,CAAC,aAAa,IAAI,KAAK,CAAC,aAAa,CAAC,CAAC,KAAK,CAAC,OAAO,EAAE,KAAK,KAAK,CAAC,UAAU,CAAC,YAAY,EAAE;YACzL,OAAO,CAAC,IAAI,CAAC,mCAAmC,CAAC,CAAC;YAClD,OAAO;SACR;QAED,MAAM;QACN,CAAC,aAAa,IAAI,KAAK,CAAC,aAAa,CAAC,CAAC,IAAI,CAAC,CAAC,GAAG,EAAE,aAAa,EAAE,EAAE;YACjE,IAAI,GAAG,EAAE;gBACP,OAAO,CAAC,KAAK,CAAC,uBAAuB,CAAC,CAAC;aACxC;iBAAM;gBACL,MAAM,CAAC,KAAK,CAAC,IAAI,CAAC,CAAC;gBACnB,OAAO,CAAC,IAAI,CAAC,wBAAwB,CAAC,CAAC;aACxC;QACH,CAAC,CAAC,CAAC;KACJ;AACH,CAAC;AAED,YAAY;AACZ,SAAS,OAAO;IACd,IAAI,aAAa,KAAK,SAAS,EAAE;QAC/B,8CAA8C;QAC9C,IAAI,CAAC,aAAa,IAAI,KAAK,CAAC,aAAa,CAAC,CAAC,KAAK,CAAC,OAAO,EAAE,KAAK,KAAK,CAAC,UAAU,CAAC,cAAc,IAAI,CAAC,aAAa,IAAI,KAAK,CAAC,aAAa,CAAC,CAAC,KAAK,CAAC,OAAO,EAAE,KAAK,KAAK,CAAC,UAAU,CAAC,SAAS,EAAE;YACvL,OAAO,CAAC,IAAI,CAAC,2BAA2B,CAAC,CAAC;YAC1C,OAAO;SACR;QAED,MAAM;QACN,CAAC,aAAa,IAAI,KAAK,CAAC,aAAa,CAAC,CAAC,OAAO,CAAC,CAAC,GAAG,EAAE,aAAa,EAAE,EAAE;YACpE,IAAI,GAAG,EAAE;gBACP,OAAO,CAAC,KAAK,CAAC,0BAA0B,CAAC,CAAC;aAC3C;iBAAM;gBACL,OAAO,CAAC,IAAI,CAAC,2BAA2B,CAAC,CAAC;aAC3C;QACH,CAAC,CAAC,CAAC;KACJ;AACH,CAAC;AAED,OAAO,EAAC,IAAI,EAAE,KAAK,EAAC,QAAQ,EAAE,IAAI,EAAC,OAAO,EAAC,CAAA",
    "entry-package-info": "entry|1.0.0"
  },
  "entry|entry|1.0.0|src/main/ets/utils/AudioRenderUtils.ts": {
    "version": 3,
    "file": "AudioRenderUtils.ets",
    "sourceRoot": "",
    "sources": [
      "entry/src/main/ets/utils/AudioRenderUtils.ets"
    ],
    "names": [],
    "mappings": ";;AAIA,MAAM,OAAO,gBAAgB;IAC3B,WAAW;IAEX,YAAY;IACZ,MAAM,CAAC,eAAe,EAAE,KAAK,CAAC,eAAe,GAAG;QAC9C,YAAY,EAAE,KAAK,CAAC,iBAAiB,CAAC,iBAAiB;QACvD,QAAQ,EAAE,KAAK,CAAC,YAAY,CAAC,SAAS;QACtC,YAAY,EAAE,KAAK,CAAC,iBAAiB,CAAC,mBAAmB;QACzD,YAAY,EAAE,KAAK,CAAC,iBAAiB,CAAC,iBAAiB;KACxD,CAAA;IAED,MAAM,CAAC,iBAAiB,EAAE,KAAK,CAAC,iBAAiB,GAAG;QAClD,KAAK,EAAE,KAAK,CAAC,WAAW,CAAC,gCAAgC;QACzD,aAAa,EAAE,CAAC;KACjB,CAAA;IAED,MAAM,CAAC,oBAAoB,EAAE,KAAK,CAAC,oBAAoB,GAAG;QACxD,UAAU,EAAE,gBAAgB,CAAC,eAAe;QAC5C,YAAY,EAAE,gBAAgB,CAAC,iBAAiB;KACjD,CAAA;IAED,QAAQ;IACR,MAAM,CAAC,YAAY,EAAE,KAAK,CAAC,aAAa,CAAA;IACxC,UAAU;IACV,MAAM,CAAC,UAAU,EAAE,MAAM,CAAC,IAAI,CAAA;IAC9B,WAAW;IACX,MAAM,CAAC,OAAO,EAAE,MAAM,GAAG,CAAC,CAAA;IAC1B,kBAAkB;IAClB,MAAM,CAAC,UAAU,EAAE,MAAM,GAAG,CAAC,CAAA;IAE7B,cAAc;IACd,MAAM,CAAC,QAAQ,EAAE,MAAI,IAAI,CAAA;IAEzB,QAAQ;IACR,MAAM,CAAC,KAAK,CAAC,IAAI;QACf,SAAS;QACT,gBAAgB,CAAC,YAAY,GAAG,MAAM,KAAK,CAAC,mBAAmB,CAAC,gBAAgB,CAAC,oBAAoB,CAAC,CAAA;QAEtG,aAAa;QACb,gBAAgB,CAAC,YAAY,CAAC,EAAE,CAAC,WAAW,EAAE,CAAC,MAAM,EAAE,WAAW,EAAC,EAAE;YACnE,2CAA2C;YAC3C,IAAI,gBAAgB,CAAC,UAAU,EAAE,EAAC,UAAU;gBAC1C,MAAM,CAAC,QAAQ,CAAC,gBAAgB,CAAC,UAAU,CAAC,EAAE,EAAE,MAAM,EAAE;oBACtD,MAAM,EAAE,gBAAgB,CAAC,UAAU;oBACnC,MAAM,EAAE,MAAM,CAAC,UAAU;iBAC1B,CAAC,CAAA;gBAEF,gBAAgB,CAAC,UAAU,IAAI,MAAM,CAAC,UAAU,CAAA;gBAEhD,UAAU;gBACV,IAAI,gBAAgB,CAAC,UAAU,IAAI,gBAAgB,CAAC,OAAO,EAAE,EAAE,MAAM;oBACnE,QAAQ;oBACR,MAAM,CAAC,SAAS,CAAC,gBAAgB,CAAC,UAAU,CAAC,EAAE,CAAC,CAAA;oBAChD,OAAO;oBACP,gBAAgB,CAAC,IAAI,EAAE,CAAA;iBACxB;aACF;QACH,CAAC,CAAC,CAAA;IACJ,CAAC;IAED;;;;;;OAMG;IACH,MAAM,CAAC,KAAK,CAAC,KAAK,CAAC,QAAQ,EAAE,MAAM,EAAE,SAAS,CAAC,EAAE,MAAM,IAAI,EAAE,SAAS,CAAC,EAAE,MAAM,IAAI;QACjF,YAAY;QACZ,MAAM,gBAAgB,CAAC,IAAI,EAAE,CAAA;QAC7B,IAAI;QACJ,gBAAgB,CAAC,UAAU,GAAG,MAAM,CAAC,QAAQ,CAAC,QAAQ,EAAE,MAAM,CAAC,QAAQ,CAAC,UAAU,CAAC,CAAA;QACnF,gBAAgB,CAAC,OAAO,GAAG,CAAC,MAAM,MAAM,CAAC,IAAI,CAAC,gBAAgB,CAAC,UAAU,CAAC,EAAE,CAAC,CAAC,CAAC,IAAI,CAAA;QACnF,IAAI,SAAS,EAAE;YACb,gBAAgB,CAAC,QAAQ,GAAG,SAAS,CAAA;SACtC;QAED,MAAM;QACN,IAAI,SAAS,EAAC;YACZ,SAAS,EAAE,CAAA;SACZ;QACD,gBAAgB,CAAC,YAAY,CAAC,KAAK,EAAE,CAAA;IAEvC,CAAC;IAED,MAAM,CAAC,KAAK,CAAC,IAAI;QACf,wBAAwB;QACxB,IAAI,gBAAgB,CAAC,YAAY,IAAI,gBAAgB,CAAC,YAAY,CAAC,KAAK,KAAK,KAAK,CAAC,UAAU,CAAC,aAAa,EAAE;YAC3G,MAAM,gBAAgB,CAAC,YAAY,CAAC,IAAI,EAAE,CAAA;YAC1C,SAAS;YACT,gBAAgB,CAAC,QAAQ,IAAI,gBAAgB,CAAC,QAAQ,EAAE,CAAA;YACxD,gBAAgB,CAAC,OAAO,GAAG,CAAC,CAAA;YAC5B,gBAAgB,CAAC,UAAU,GAAG,CAAC,CAAA;SAChC;IAEH,CAAC;IAED,KAAK;IACL,MAAM,CAAC,KAAK,CAAC,OAAO;QAClB,IAAI,gBAAgB,CAAC,YAAY,EAAE;YACjC,MAAM,gBAAgB,CAAC,IAAI,EAAE,CAAA,CAAC,WAAW;YACzC,MAAM,gBAAgB,CAAC,YAAY,CAAC,OAAO,EAAE,CAAA,CAAC,KAAK;SACpD;IACH,CAAC;CAGF",
    "entry-package-info": "entry|1.0.0"
  },
  "entry|entry|1.0.0|src/main/ets/utils/AVPlayerUtils.ts": {
    "version": 3,
    "file": "AVPlayerUtils.ets",
    "sourceRoot": "",
    "sources": [
      "entry/src/main/ets/utils/AVPlayerUtils.ets"
    ],
    "names": [],
    "mappings": ";AAEA,MAAM,OAAO,aAAa;IACxB,KAAK;IACL,MAAM,CAAC,MAAM,EAAE,KAAK,CAAC,QAAQ,CAAA;IAC7B,MAAM,CAAC,OAAO,EAAE,OAAO,CAAA;IAEvB,MAAM;IACN,MAAM,CAAC,KAAK,CAAC,IAAI,CAAC,OAAO,EAAE,OAAO;QAChC,mBAAmB;QACnB,aAAa,CAAC,MAAM,GAAG,MAAM,KAAK,CAAC,cAAc,EAAE,CAAA;QACnD,aAAa,CAAC,OAAO,GAAG,OAAO,CAAA;QAC/B,iBAAiB;QACjB,aAAa,CAAC,MAAM,CAAC,EAAE,CAAC,aAAa,EAAE,KAAK,EAAE,KAAK,EAAE,EAAE;YACrD,IAAI,KAAK,KAAK,aAAa,EAAE;gBAC3B,cAAc;gBACd,aAAa,CAAC,MAAM,CAAC,OAAO,EAAE,CAAA;aAC/B;iBAAM,IAAI,KAAK,KAAK,UAAU,EAAE;gBAC/B,aAAa;gBACb,aAAa,CAAC,MAAM,CAAC,IAAI,EAAE,CAAA;aAC5B;iBAAM,IAAI,KAAK,KAAK,WAAW,EAAE;gBAChC,UAAU;gBACV,MAAM,aAAa,CAAC,MAAM,CAAC,KAAK,EAAE,CAAA;aACnC;QACH,CAAC,CAAC,CAAA;QACF,mDAAmD;QACnD,aAAa,CAAC,MAAM,CAAC,EAAE,CAAC,OAAO,EAAE,KAAK,EAAE,GAAG,EAAE,EAAE;YAC7C,OAAO,CAAC,KAAK,CAAC,mCAAmC,GAAG,CAAC,IAAI,gBAAgB,GAAG,CAAC,OAAO,EAAE,CAAC,CAAC;YACxF,MAAM,aAAa,CAAC,MAAM,CAAC,KAAK,EAAE,CAAA,CAAC,uBAAuB;QAC5D,CAAC,CAAC,CAAA;QACF,aAAa,CAAC,MAAM,CAAC,EAAE,CAAC,gBAAgB,EAAE,CAAC,QAAQ,EAAE,EAAE;YACrD,uBAAuB;QACzB,CAAC,CAAC,CAAA;QACF,aAAa,CAAC,MAAM,CAAC,EAAE,CAAC,YAAY,EAAE,CAAC,IAAI,EAAE,EAAE;YAC7C,wBAAwB;QAC1B,CAAC,CAAC,CAAA;QACF,aAAa,CAAC,MAAM,CAAC,EAAE,CAAC,UAAU,EAAE,CAAC,QAAQ,EAAE,EAAE;YAC/C,eAAe;YACf,oBAAoB;QACtB,CAAC,CAAC,CAAA;IAEJ,CAAC;IACD,UAAU;IACV;;;OAGG;IACH,MAAM,CAAC,KAAK,CAAC,IAAI,CAAC,IAAI,EAAE,QAAQ,GAAG,aAAa,GAAG,MAAM;QACvD,wBAAwB;QACxB,MAAM,aAAa,CAAC,MAAM,CAAC,KAAK,EAAE,CAAA;QAClC,UAAU;QACV,sPAAsP;QACtP,UAAU;QACV,iBAAiB;QACjB,IAAI,cAAc,GAAG,aAAa,CAAC,OAAO,CAAC,eAAe,CAAC,YAAY,CAAC,IAAI,GAAG,MAAM,CAAC,CAAA;QACtF,aAAa,CAAC,MAAM,CAAC,KAAK,GAAG,cAAc,CAAA;IAC7C,CAAC;CAYF",
    "entry-package-info": "entry|1.0.0"
  },
  "entry|entry|1.0.0|src/main/ets/utils/Constants.ts": {
    "version": 3,
    "file": "Constants.ets",
    "sourceRoot": "",
    "sources": [
      "entry/src/main/ets/utils/Constants.ets"
    ],
    "names": [],
    "mappings": "AAAA,MAAM,CAAC,OAAO,OAAQ,SAAS;IAE7B,MAAM,CAAC,MAAM,CAAC,SAAS,EAAE,MAAM,GAAG,0BAA0B,CAAA;IAC5D,MAAM,CAAC,MAAM,CAAC,aAAa,EAAE,MAAM,GAAG,kCAAkC,CAAA;CACzE",
    "entry-package-info": "entry|1.0.0"
  },
  "entry|entry|1.0.0|src/main/ets/utils/DateUtils.ts": {
    "version": 3,
    "file": "DateUtils.ets",
    "sourceRoot": "",
    "sources": [
      "entry/src/main/ets/utils/DateUtils.ets"
    ],
    "names": [],
    "mappings": "AAAA;;;;;GAKG;AACH,MAAM,UAAU,SAAS,CAAC,IAAI,EAAE,MAAM;IACpC,MAAM,OAAO,GAAG,IAAI,IAAI,CAAC,IAAI,CAAC,CAAA;IAC9B,MAAM,IAAI,GAAG,OAAO,CAAC,WAAW,EAAE,CAAA;IAClC,MAAM,KAAK,GAAG,OAAO,CAAC,QAAQ,EAAE,CAAA;IAChC,MAAM,IAAI,GAAG,OAAO,CAAC,OAAO,EAAE,CAAA;IAC9B,MAAM,KAAK,GAAG,OAAO,CAAC,QAAQ,EAAE,CAAA;IAChC,MAAM,OAAO,GAAG,OAAO,CAAC,UAAU,EAAE,CAAA;IACpC,IAAI,IAAI,KAAK,IAAI,IAAI,EAAE,CAAC,WAAW,EAAE,EAAE;QACrC,IAAI;QACJ,IAAI,KAAK,KAAK,IAAI,IAAI,EAAE,CAAC,QAAQ,EAAE,EAAE;YACnC,KAAK;YACL,IAAI,IAAI,KAAK,IAAI,IAAI,EAAE,CAAC,OAAO,EAAE,EAAE;gBACjC,IAAI;gBACJ,OAAO,GAAG,KAAK,CAAC,QAAQ,EAAE,CAAC,QAAQ,CAAC,CAAC,EAAE,GAAG,CAAC,IAAI,OAAO,CAAC,QAAQ,EAAE,CAAC,QAAQ,CAAC,CAAC,EAAE,GAAG,CAAC,EAAE,CAAA;aACrF;iBAAK;gBACJ,OAAO,GAAG,IAAI,IAAI,EAAE,CAAC,OAAO,EAAE,GAAG,IAAI,IAAI,CAAA;aAC1C;SACF;aAAK;YACJ,OAAO,GAAG,KAAK,IAAI,IAAI,GAAG,CAAA;SAC3B;KACF;SAAK;QACN,OAAO,GAAG,IAAI,IAAI,KAAK,IAAI,IAAI,GAAG,CAAA;KACjC;AAEH,CAAC",
    "entry-package-info": "entry|1.0.0"
  },
  "entry|entry|1.0.0|src/main/ets/utils/FileUtils.ts": {
    "version": 3,
    "file": "FileUtils.ets",
    "sourceRoot": "",
    "sources": [
      "entry/src/main/ets/utils/FileUtils.ets"
    ],
    "names": [],
    "mappings": ";AAEA,MAAM,OAAO,SAAS;IACpB;;;;;;;OAOG;IACH,MAAM,CAAC,eAAe,CAAC,MAAM,EAAE,MAAM;QACnC,eAAe;QACf,IAAI,OAAO,GAAG,UAAU,EAAE,CAAC,QAAQ,GAAG,GAAG,GAAG,MAAM,CAAA;QAClD,IAAI,IAAI,GAAG,MAAM,CAAC,UAAU,CAAC,OAAO,CAAC,CAAA;QACrC,IAAI,CAAC,IAAI,EAAE,EAAG,gBAAgB;YAC5B,MAAM,CAAC,SAAS,CAAC,OAAO,CAAC,CAAA;SAC1B;QACD,gBAAgB;QAChB,IAAI,QAAQ,GAAG,OAAO,GAAG,GAAG,GAAG,IAAI,CAAC,GAAG,EAAE,GAAG,MAAM,CAAA;QAClD,MAAM;QACN,MAAM,IAAI,GAAG,MAAM,CAAC,QAAQ,CAAC,QAAQ,EAAE,MAAM,CAAC,QAAQ,CAAC,MAAM,CAAC,CAAA;QAC9D,MAAM,CAAC,SAAS,CAAC,IAAI,CAAC,CAAA;QACtB,OAAO,QAAQ,CAAA,CAAC,SAAS;IAC3B,CAAC;IAED;;;OAGG;IACH,MAAM,CAAC,WAAW,CAAC,QAAQ,EAAE,MAAM;QACjC,IAAI,QAAQ,EAAE;YACZ,MAAM,CAAC,UAAU,CAAC,QAAQ,CAAC,CAAA;SAC5B;IACH,CAAC;IAED;;;OAGG;IACH,MAAM,CAAC,WAAW,CAAC,MAAM,EAAE,MAAM;QAC/B,IAAI,MAAM,EAAE;YACV,IAAI,OAAO,GAAG,UAAU,EAAE,CAAC,QAAQ,GAAG,GAAG,GAAG,MAAM,CAAA;YAClD,IAAI,IAAI,GAAG,MAAM,CAAC,UAAU,CAAC,OAAO,CAAC,CAAA;YACrC,IAAI,IAAI,EAAE;gBACR,MAAM,CAAC,SAAS,CAAC,OAAO,CAAC,CAAA;aAC1B;SACF;IACH,CAAC;CACF",
    "entry-package-info": "entry|1.0.0"
  },
  "entry|entry|1.0.0|src/main/ets/utils/request.ts": {
    "version": 3,
    "file": "request.ets",
    "sourceRoot": "",
    "sources": [
      "entry/src/main/ets/utils/request.ets"
    ],
    "names": [],
    "mappings": "OAAO,IAAI;OACJ,EAAE,OAAO,EAAsC;cAApC,UAAU,EAAE,WAAW,EAAE,SAAS;OAC7C,SAAS;AAEhB,MAAM,GAAG,GAAG,IAAI,CAAC,UAAU,EAAE,CAAA,CAAC,YAAY;AAE1C;;GAEG;AACH,MAAM,CAAC,KAAK,UAAU,YAAY;IAChC,2CAA2C;IAC3C,IAAG;QACD,gBAAgB;QAChB,IAAI,MAAM,EAAE,IAAI,CAAC,kBAAkB,GAAC;YAClC,6CAA6C;YAC7C,MAAM,EAAE,IAAI,CAAC,aAAa,CAAC,GAAG;YAC9B,SAAS,EAAE,EAAE;YACb,MAAM,EAAC;gBACL,WAAW,EAAE,kBAAkB,CAAE,QAAQ;aAC1C;YACD,cAAc,EAAE,KAAK;YACrB,WAAW,EAAE,KAAK;YAClB,cAAc,EAAE,IAAI,CAAC,YAAY,CAAC,MAAM,CAAE,oBAAoB;SAC/D,CAAA;QAED,eAAe;QACf,4HAA4H;QAC5H,MAAM,GAAG,GAAE,MAAM,GAAG,CAAC,OAAO,CAAC,sDAAsD,SAAS,CAAC,SAAS,kBAAkB,SAAS,CAAC,aAAa,gCAAgC,EAAE,MAAM,CAAC,CAAA;QACxL,OAAO,CAAC,GAAG,CAAC,MAAM,GAAE,GAAG,CAAC,MAAM,CAAC,CAAA;QAC/B,qBAAqB;QACrB,MAAM,MAAM,GAAG,GAAG,CAAC,MAAM,IAAI,SAAS,CAAA;QACtC,OAAO,MAAM,CAAA;KACd;IAAC,OAAO,GAAG,EAAE;QACZ,OAAO,CAAC,GAAG,CAAC,UAAU,GAAE,IAAI,CAAC,SAAS,CAAC,GAAG,CAAC,CAAC,CAAC;QAC7C,OAAO,OAAO,CAAC,MAAM,CAAC,GAAG,CAAC,CAAA;KAC3B;AAEH,CAAC;AAED;;;;;GAKG;AACH,MAAM,CAAC,KAAK,UAAU,cAAc,CAAC,IAAI,EAAE,UAAU,EAAE,KAAK,EAAE,MAAM;IAClE,IAAI;QACF,SAAS;QACT,IAAI,OAAO,EAAE,OAAO,GAAG,IAAI,OAAO,CAAC,CAAC,IAAI,CAAC,EAAE,oDAAoD,CAAC,CAAA;QAEhG,IAAI,MAAM,EAAE,IAAI,CAAC,kBAAkB,GAAG;YACpC,MAAM,EAAE,IAAI,CAAC,aAAa,CAAC,IAAI;YAC/B,SAAS,EAAG,OAAO;YACnB,MAAM,EAAE;gBACN,WAAW,EAAE,kBAAkB;aAChC;YACD,cAAc,EAAE,KAAK;YACrB,WAAW,EAAE,KAAK;YAClB,cAAc,EAAE,IAAI,CAAC,YAAY,CAAC,MAAM,CAAC,qBAAqB;SAC/D,CAAA;QACD,OAAO,CAAC,GAAG,CAAC,SAAS,GAAE,KAAK,CAAC,CAAC;QAC9B,MAAM,GAAG,GAAG,MAAM,GAAG,CAAC,OAAO,CAAC,6FAA6F,GAAC,KAAK,EAAG,MAAM,CAAC,CAAA;QAC3I,MAAM,IAAI,GAAG,GAAG,CAAC,MAAM,IAAI,WAAW,CAAA;QACtC,4CAA4C;QAC5C,OAAO,CAAC,GAAG,CAAC,MAAM,GAAE,IAAI,CAAC,MAAM,CAAC,CAAC;QAEjC,OAAO,IAAI,CAAA;KACZ;IAAC,OAAO,KAAK,EAAE;QACd,OAAO,CAAC,GAAG,CAAC,UAAU,GAAE,IAAI,CAAC,SAAS,CAAC,KAAK,CAAC,CAAC,CAAC;QAC/C,OAAO,OAAO,CAAC,MAAM,CAAC,KAAK,CAAC,CAAA;KAC7B;AACH,CAAC",
    "entry-package-info": "entry|1.0.0"
  }
}