{"deviceType":"phone,tablet,2in1","checkEntry":"true","localPropertiesPath":"D:\\HuaWei\\project\\ChatFreely\\local.properties","Path":"D:\\beta\\DevEco Studio\\tools\\node\\","note":"false","aceProfilePath":"D:\\HuaWei\\project\\ChatFreely\\entry\\.preview\\default\\intermediates\\res\\default\\resources\\base\\profile","isPreview":"true","hapMode":"false","buildMode":"debug","img2bin":"true","projectProfilePath":"D:\\HuaWei\\project\\ChatFreely\\build-profile.json5","watchMode":"true","appResource":"D:\\HuaWei\\project\\ChatFreely\\entry\\.preview\\default\\intermediates\\res\\default\\ResourceTable.txt","logLevel":"3","stageRouterConfig":{"contents":["{\"module\":{\"pages\":\"$profile:main_pages\",\"name\":\"entry\"}}","{\"src\":[\"pages/Index\",\"pages/chat/Chat\"]}"],"paths":["D:\\HuaWei\\project\\ChatFreely\\entry\\.preview\\default\\intermediates\\res\\default\\module.json","D:\\HuaWei\\project\\ChatFreely\\entry\\.preview\\default\\intermediates\\res\\default\\resources\\base\\profile\\main_pages.json"]},"port":"29915","aceBuildJson":"D:\\HuaWei\\project\\ChatFreely\\entry\\.preview\\default\\intermediates\\loader\\default\\loader.json","aceModuleRoot":"D:\\HuaWei\\project\\ChatFreely\\entry\\src\\main\\ets","aceSoPath":"D:\\HuaWei\\project\\ChatFreely\\entry\\.preview\\cache\\nativeDependencies.txt","cachePath":"D:\\HuaWei\\project\\ChatFreely\\entry\\.preview\\cache\\.default","aceModuleBuild":"D:\\HuaWei\\project\\ChatFreely\\entry\\.preview\\default\\intermediates\\assets\\default\\ets","aceModuleJsonPath":"D:\\HuaWei\\project\\ChatFreely\\entry\\.preview\\default\\intermediates\\res\\default\\module.json"}